original_id,user_input,variation_type
ce937c35-b746-40b3-ae52-5633026cef6f,6934 S RUSTIC Rd SEATTLE 98178 US,abbreviation
ce937c35-b746-40b3-ae52-5633026cef6f,6934 South RUSTIC Road SEATTLE US,dropped_zip
ce937c35-b746-40b3-ae52-5633026cef6f,6934 South RUSTIC Road 98178 US,dropped_city
b0d471ea-acf1-4e8e-93e4-41113c8ea45a,7520 57TH Pllace Northeast 98115 US,typo
b0d471ea-acf1-4e8e-93e4-41113c8ea45a,7520 57th Pl NE 98115 US,abbreviation
b0d471ea-acf1-4e8e-93e4-41113c8ea45a,7520 57th Pl NE,informal
f714f8e0-1fbe-4479-a8bb-1b604fe62f12,1814 18th Ave S,informal
f714f8e0-1fbe-4479-a8bb-1b604fe62f12,1814 98144 18th Avenue South US,reordered
f714f8e0-1fbe-4479-a8bb-1b604fe62f12,1814 18TH Avenue South US,dropped_zip
47478b02-27f5-466f-b94e-a808255d48f8,5263 17th Ave SW 98106 US,abbreviation
47478b02-27f5-466f-b94e-a808255d48f8,5263 17TH Avenne Southwest 98106 US,typo
47478b02-27f5-466f-b94e-a808255d48f8,5263 17TH Avenue Southwest US,dropped_zip
156d26d0-fa08-4737-8f22-f5a7de762b8d,1701 Southwest 112TH Street US,dropped_zip
156d26d0-fa08-4737-8f22-f5a7de762b8d,1701 SW 112th St 98146 US,abbreviation
156d26d0-fa08-4737-8f22-f5a7de762b8d,1701 SW 112th St,informal
3e982322-0f23-49b5-bd0e-120d69410025,8401 8TH Aveneu South 98108 US,typo
3e982322-0f23-49b5-bd0e-120d69410025,8401 98108 8TH Avenue South US,reordered
3e982322-0f23-49b5-bd0e-120d69410025,8401 8th Ave S 98108 US,abbreviation
8611fdd4-58f9-4764-9d93-1530cc466c4f,6531 B 35th Ave NE,mixed
8611fdd4-58f9-4764-9d93-1530cc466c4f,6531 B 35TH Avenue Northeast US,dropped_zip
8611fdd4-58f9-4764-9d93-1530cc466c4f,6531 B 35th Ave NE 98115 US,abbreviation
2f55033c-1765-4e91-8235-90d54d486584,4136 38th Ave SW,informal
2f55033c-1765-4e91-8235-90d54d486584,4136 38TH Avenue Southwesst 98126 US,typo
2f55033c-1765-4e91-8235-90d54d486584,4136 38th Ave SW 98126 US,abbreviation
0f23af7f-0377-4c98-ac9f-f3fa2fea1da5,600 SW KENYON St 98106 US,abbreviation
0f23af7f-0377-4c98-ac9f-f3fa2fea1da5,600 Southwest KENYON Street US,dropped_zip
0f23af7f-0377-4c98-ac9f-f3fa2fea1da5,600 SW Kenyon St,informal
06d17ea8-c26f-437e-aeb0-4c22c0f4ee61,8501 5TH Avenue Northeast US,dropped_zip
06d17ea8-c26f-437e-aeb0-4c22c0f4ee61,8501 5th Ave NE 98115 US,abbreviation
06d17ea8-c26f-437e-aeb0-4c22c0f4ee61,5th Ave NE 8501 98115 US,reordered
81e3c51d-8923-4e1e-884c-6418bc4d340f,3711 42nd Ave SW,informal
81e3c51d-8923-4e1e-884c-6418bc4d340f,3711 42ND Avenue Southwest US,dropped_zip
81e3c51d-8923-4e1e-884c-6418bc4d340f,3711 42nd Ave SW 98116 US,abbreviation
641ea005-4d99-47b2-82a5-e4f8da2e6327,6609 HOLLY Pl SW 98136 US,abbreviation
641ea005-4d99-47b2-82a5-e4f8da2e6327,6609 HOLLY Place Southwet 98136 US,typo
641ea005-4d99-47b2-82a5-e4f8da2e6327,6609 HOLLY Place Southwest US,dropped_zip
46f4e61a-60a5-43f0-bc36-eaeb86df5221,1671 HARBOR Avenue Southwest US,dropped_zip
46f4e61a-60a5-43f0-bc36-eaeb86df5221,1671 Harbor Ave SW,mixed
46f4e61a-60a5-43f0-bc36-eaeb86df5221,1671 HARBOR Ave SW 98126 US,abbreviation
69ad2d81-533f-445b-aab7-a75bef7d7651,1714 E FIR St 98122 US,abbreviation
69ad2d81-533f-445b-aab7-a75bef7d7651,1714 E Fir St,informal
69ad2d81-533f-445b-aab7-a75bef7d7651,1714 East FIR Street US,dropped_zip
173cbc83-74ef-40f3-a0dc-67d49f640b9b,4115 45TH Avenue Southwest US,dropped_zip
173cbc83-74ef-40f3-a0dc-67d49f640b9b,4115 45TH Avenue Southwesst 98116 US,typo
173cbc83-74ef-40f3-a0dc-67d49f640b9b,4115 45th Ave SW 98116 US,abbreviation
54d5b64b-2953-4c5e-89f1-34f7bb107ba5,1610 NE 77th St 98115 US,abbreviation
54d5b64b-2953-4c5e-89f1-34f7bb107ba5,1610 NE 77th St,informal
54d5b64b-2953-4c5e-89f1-34f7bb107ba5,1610 Northeast 77TH Street US,dropped_zip
00f43cc6-be90-4832-87d3-7a4a79a11e01,7th Avenue Northwest 7020 98117 US,reordered
00f43cc6-be90-4832-87d3-7a4a79a11e01,7020 7TH Avenue Northwest US,dropped_zip
00f43cc6-be90-4832-87d3-7a4a79a11e01,7020 7th Ave NW 98117 US,abbreviation
39b13ec8-03ff-4498-91f2-05dc8ac201ea,3810 S EDMUNDS St 98118 US,abbreviation
39b13ec8-03ff-4498-91f2-05dc8ac201ea,3810 S Edmunds St,informal
39b13ec8-03ff-4498-91f2-05dc8ac201ea,3810 South EDMUNNDS Street 98118 US,typo
84a30066-124b-4f65-9189-31950cc6b9dc,2715 6TH Avenue South US,dropped_zip
84a30066-124b-4f65-9189-31950cc6b9dc,2715 6th Ave S,mixed
84a30066-124b-4f65-9189-31950cc6b9dc,2715 6th Ave S 98134 US,abbreviation
8716e288-c69c-4c0b-b507-a2c9ee767151,628 NW 88th St 98117 US,abbreviation
8716e288-c69c-4c0b-b507-a2c9ee767151,628 Northwest 88TH Street US,dropped_zip
8716e288-c69c-4c0b-b507-a2c9ee767151,628 NW 88th St,informal
01af5e3b-20d5-40b7-b185-fcb23c4bd432,9232 21st Ave NW,informal
01af5e3b-20d5-40b7-b185-fcb23c4bd432,9232 21ST Avenue Northwesst 98117 US,typo
01af5e3b-20d5-40b7-b185-fcb23c4bd432,9232 21st Ave NW 98117 US,abbreviation
5b58b95b-4120-4414-9e4a-06e1820429b6,3230 NE 95th St 98115 US,abbreviation
5b58b95b-4120-4414-9e4a-06e1820429b6,95th Street NE 3230 98115 US,reordered
5b58b95b-4120-4414-9e4a-06e1820429b6,3230 Northeast 95TH Street US,dropped_zip
37d9adc0-e7dc-426b-ad19-d09e560ca397,2431 WESTVIEW Drive West US,dropped_zip
37d9adc0-e7dc-426b-ad19-d09e560ca397,2431 WESTVIEW Dr W 98119 US,abbreviation
37d9adc0-e7dc-426b-ad19-d09e560ca397,2431 Westview Dr W,informal
5fb8f888-e94b-4ab8-927c-16a87b647605,10605 Seola Beach Dr SW,informal
5fb8f888-e94b-4ab8-927c-16a87b647605,10605 SEOLA BEACH Drive Southhwest 98146 US,typo
5fb8f888-e94b-4ab8-927c-16a87b647605,10605 SEOLA BEACH Dr SW 98146 US,abbreviation
b3be1cb0-bb16-4dfc-ac6f-615176c5758d,2428 31st Ave W 98199 US,abbreviation
b3be1cb0-bb16-4dfc-ac6f-615176c5758d,2428 31st Ave W,mixed
b3be1cb0-bb16-4dfc-ac6f-615176c5758d,2428 31ST Avenue West US,dropped_zip
48202279-4caf-4e1b-96c2-b633ecba4be7,8710 OVERLAKE Dr W 98039 US,abbreviation
48202279-4caf-4e1b-96c2-b633ecba4be7,8710 OVERLAKE Drive West US,dropped_zip
48202279-4caf-4e1b-96c2-b633ecba4be7,8710 OVERLAKE Drvie West 98039 US,typo
e088ee3b-8421-4e29-b408-79168f0f4247,7774 HIGHLAND PARK Way SW,informal
e088ee3b-8421-4e29-b408-79168f0f4247,7774 HIGHLAND PARK Wy SW 98106 US,abbreviation
e088ee3b-8421-4e29-b408-79168f0f4247,98106 US 7774 HIGHLAND PARK Way Southwest,reordered
94af6676-569c-4a4f-9f28-f1fec9de37de,10838 101ST Avenue Northeast US,dropped_zip
94af6676-569c-4a4f-9f28-f1fec9de37de,10838 101ST Avenue Northeats 98033 US,typo
94af6676-569c-4a4f-9f28-f1fec9de37de,10838 101st Ave NE,mixed
5f92d603-e2c1-4c94-87fd-29fcfd554dbe,7625 15TH Ave NE 98115 US,abbreviation
5f92d603-e2c1-4c94-87fd-29fcfd554dbe,7625 15th Ave NE,informal
cfb450df-0b49-46b0-9728-c7f75b42346d,98105 US 4115 51ST Avenue Northeast,reordered
cfb450df-0b49-46b0-9728-c7f75b42346d,4115 51ST Avenue Nprtheast 98105 US,typo
3aff6ef4-b490-4fc7-bcd4-3b2f9eeb63c7,703 21ST Ave E 98112 US,abbreviation
3aff6ef4-b490-4fc7-bcd4-3b2f9eeb63c7,703 21ST Avenue East US,dropped_zip
3aff6ef4-b490-4fc7-bcd4-3b2f9eeb63c7,703 21st Ave E,informal
9a6aa921-f60e-4a7f-8a2f-8f1c16143be1,8826 38TH Avenuw Southwest 98126 US,typo
9a6aa921-f60e-4a7f-8a2f-8f1c16143be1,8826 38TH Ave SW 98126 US,abbreviation
c1a4f817-240e-4940-8bfe-ce1eacf23b36,130 13TH Avenue US,dropped_zip
c1a4f817-240e-4940-8bfe-ce1eacf23b36,130 13th Ave,informal
5817fef8-90c7-4a98-96d8-ff6bcabfb813,745 B N 95TH St 98103 US,abbreviation
5817fef8-90c7-4a98-96d8-ff6bcabfb813,98103 US 745 B North 95TH Street,reordered
5817fef8-90c7-4a98-96d8-ff6bcabfb813,745 B North 95TH Sreet 98103 US,typo
019e9692-529b-4972-8664-d9231cb38e8b,1111 10th Ave E,informal
019e9692-529b-4972-8664-d9231cb38e8b,1111 10TH Avenue East US,dropped_zip
6b861c23-b881-4b57-9259-04d67291474d,2012 NE 92ND St 98115 US,abbreviation
6b861c23-b881-4b57-9259-04d67291474d,2012 Northeast 92ND Strete 98115 US,typo
6b861c23-b881-4b57-9259-04d67291474d,2012 NE 92nd St,mixed
bd9e8cb5-785e-485e-88ba-f9a5bdc3766f,628 W NICKERSON St,informal
bd9e8cb5-785e-485e-88ba-f9a5bdc3766f,98119 US 628 West NICKERSON Street,reordered
5d607569-3f8f-4e2b-a9fb-1e5223faff0e,4719 S BOND St 98118 US,abbreviation
5d607569-3f8f-4e2b-a9fb-1e5223faff0e,4719 South BOND Street US,dropped_zip
5d607569-3f8f-4e2b-a9fb-1e5223faff0e,4719 South BONND Street 98118 US,typo
d35e3405-194b-4312-aa89-131ba501ed73,300 NW 78th St,informal
d35e3405-194b-4312-aa89-131ba501ed73,300 NW 78TH St 98117 US,abbreviation
dd4fc895-b413-474b-972f-403c4b9f6cc7,98102 US 915 HARVARD Avenue East,reordered
dd4fc895-b413-474b-972f-403c4b9f6cc7,915 HARVARD Avnue East 98102 US,typo
dd4fc895-b413-474b-972f-403c4b9f6cc7,915 HARVARD Avenue East US,dropped_zip
d0712d4c-22d9-40e3-b5b2-c223368e53f2,2862 NW MARKET St 98107 US,abbreviation
d0712d4c-22d9-40e3-b5b2-c223368e53f2,2862 NW MARKET St,informal
dd202f12-82a3-4aa2-9d09-b8d14b534094,10802 31ST Avenue Southwest US,dropped_zip
dd202f12-82a3-4aa2-9d09-b8d14b534094,10802 31ST Avenue Southwet 98146 US,typo
dd202f12-82a3-4aa2-9d09-b8d14b534094,10802 31st Ave SW,mixed
b96e680b-0371-4f60-b32b-0d71fe714000,1233 EVERGREEN PT Rd 98039 US,abbreviation
b96e680b-0371-4f60-b32b-0d71fe714000,1233 EVERGREEN PT Rd,informal
656c7a25-032e-4936-b52b-081b59c3b92f,322 17TH Avenue East US,dropped_zip
656c7a25-032e-4936-b52b-081b59c3b92f,322 17TH Avanue East 98112 US,typo
656c7a25-032e-4936-b52b-081b59c3b92f,98112 US 322 17TH Avenue East,reordered
460d4880-8923-42ec-8a2f-544b578ed1ad,6419 23rd Ave S,informal
460d4880-8923-42ec-8a2f-544b578ed1ad,6419 23RD Ave S 98108 US,abbreviation
01ce517b-30f5-4c2c-abfe-05c084644858,10860 CRESTWOOD Drive South 98178 US,dropped_city
01ce517b-30f5-4c2c-abfe-05c084644858,10860 CRESTWOOD Dr S SEATTLE 98178 US,abbreviation
01ce517b-30f5-4c2c-abfe-05c084644858,10860 Crestwood Dr S Seattle,mixed
f524cdb5-877c-4172-a272-d1defe03bfa9,1350 30TH Avenie South 98144 US,typo
f524cdb5-877c-4172-a272-d1defe03bfa9,1350 30TH Avenue South US,dropped_zip
8e5711d8-cc23-4124-993f-07d8547331eb,2036 MCGILVRA Blvd E 98112 US,abbreviation
8e5711d8-cc23-4124-993f-07d8547331eb,2036 MCGILVRA Blvd E,informal
8e5711d8-cc23-4124-993f-07d8547331eb,98112 US 2036 MCGILVRA Boulevard East,reordered
3f1ca15f-7cab-4ed9-a730-c70e67a49b12,4709 STONE Way North US,dropped_zip
3f1ca15f-7cab-4ed9-a730-c70e67a49b12,4709 STONE Way Norht 98103 US,typo
3f1ca15f-7cab-4ed9-a730-c70e67a49b12,4709 Stone Way N,informal
72f026a0-86de-4509-9502-048b15190ba5,3032 52ND Ave SW 98116 US,abbreviation
72f026a0-86de-4509-9502-048b15190ba5,98116 US 3032 52ND Avenue Southwest,reordered
72f026a0-86de-4509-9502-048b15190ba5,3032 52nd Ave SW,informal
53bc4ba5-bb02-4354-bab2-5036ee8dbf0c,9207 9TH Ave NW 98117 US,abbreviation
53bc4ba5-bb02-4354-bab2-5036ee8dbf0c,9207 9TH Avenue Northwest US,dropped_zip
53bc4ba5-bb02-4354-bab2-5036ee8dbf0c,9207 9th Ave NW,informal
25cad882-89da-406d-a572-269a44a146a0,7323 17TH Aveune Northwest 98117 US,typo
25cad882-89da-406d-a572-269a44a146a0,98117 US 7323 17TH Avenue Northwest,reordered
25cad882-89da-406d-a572-269a44a146a0,7323 17TH Ave NW US,mixed
28069b6a-0f00-44bd-b520-d21e1a441c9e,6548 DELRIDGE Wy SW 98106 US,abbreviation
28069b6a-0f00-44bd-b520-d21e1a441c9e,6548 DELRIDGE Way Southwest US,dropped_zip
10b2fd3d-5a9c-46a3-b7ee-aed9ee5699ff,805 NW 63rd St,informal
10b2fd3d-5a9c-46a3-b7ee-aed9ee5699ff,805 Norhwest 63RD Street 98107 US,typo
57dfe629-73bf-4bc4-9841-9e30d8d86dae,10702 COUNTRY CLUB Lane South 98168 US,dropped_city
57dfe629-73bf-4bc4-9841-9e30d8d86dae,10702 Country Club Ln S Seattle,informal
57dfe629-73bf-4bc4-9841-9e30d8d86dae,Seattle 10702 Country Club Ln S 98168,mixed
1c896d29-2a1e-425f-933e-5a7419a4a425,3225 E MARGINAL Wy S 98134 US,abbreviation
1c896d29-2a1e-425f-933e-a57419a4a425,3225 East MARGINAL Way South US,dropped_zip
3f25d6a2-e60f-43e6-beb1-becdf0884ec2,4970 12TH Avenue Sout 98108 US,typo
3f25d6a2-e60f-43e6-beb1-becdf0884ec2,4970 12th Ave S,informal
39f57eea-4652-47ea-84eb-e08195ce86c3,3736 SW AUSTIN St 98126 US,abbreviation
39f57eea-4652-47ea-84eb-e08195ce86c3,98126 US 3736 Southwest AUSTIN Street,reordered
c0d5f65f-c4d8-4993-8880-426325a659a7,1214 East COLUMBIA Street US,dropped_zip
c0d5f65f-c4d8-4993-8880-426325a659a7,1214 E Columbia St,informal
3e1ce2a5-99f1-4938-9206-332e9cb64c98,234 1ST Ave W 98119 US,abbreviation
3e1ce2a5-99f1-4938-9206-332e9cb64c98,234 1ST Aveune West 98119 US,typo
3a428eac-73de-4cba-b029-3dc55ef32665,2247 NW 62nd St,informal
3a428eac-73de-4cba-b029-3dc55ef32665,2247 Northwest 62ND Street US,dropped_zip
96d0cf0c-7199-4388-b802-c0972c7781e4,1608 20TH Ave 98122 US,abbreviation
96d0cf0c-7199-4388-b802-c0972c7781e4,98122 US 1608 20TH Avenue,reordered
4daa7fd8-03a4-4686-b464-8a104c0adc02,4508 Southwest ATLANITC Street 98116 US,typo
4daa7fd8-03a4-4686-b464-8a104c0adc02,4508 Southwest ATLANTIC Street US,dropped_zip
6301e880-a65f-4ade-a65a-da7b0e317599,915 WARREN Ave N 98109 US,abbreviation
6301e880-a65f-4ade-a65a-da7b0e317599,915 Warren Ave N,informal
cbceb949-418a-4bab-9da1-d5b3ba1a88ce,7757 23RD Aveneu Northwest 98117 US,typo
cbceb949-418a-4bab-9da1-d5b3ba1a88ce,98117 US 7757 23RD Avenue Northwest,reordered
ff117242-1900-4198-a322-bb1dab01880a,9450 9TH Ave SW 98106 US,abbreviation
ff117242-1900-4198-a322-bb1dab01880a,9450 9TH Avenue Southwest US,dropped_zip
24244c50-bb48-43b3-8cd5-4c55523ff323,904 23rd Ave S,informal
24244c50-bb48-43b3-8cd5-4c55523ff323,904 23RD Avenue Soth 98144 US,typo
d4f1a259-488e-466c-86d1-02375c814d81,839 NE 96TH St 98115 US,abbreviation
d4f1a259-488e-466c-86d1-02375c814d81,839 Northeast 96TH Street US,dropped_zip
2e4ada96-cffe-448b-996a-533315b533d9,401 2ND Avenu South 98104 US,typo
2e4ada96-cffe-448b-996a-533315b533d9,98104 US 401 2ND Avenue South,reordered
d78e09f8-0a1b-43da-ace9-6f29f3ba163a,832 S FIDALGO St 98108 US,abbreviation
d78e09f8-0a1b-43da-ace9-6f29f3ba163a,832 S Fidalgo St,informal
d1a5d69b-825f-47d5-9836-a7c5c3b3e0a6,4051 48TH Avenue Southwest US,dropped_zip
d1a5d69b-825f-47d5-9836-a7c5c3b3e0a6,4051 48TH Avenue Southwes 98116 US,typo
208dc53f-3194-48f1-9a92-fddcf3fcfae0,2811 8TH Ave W 98119 US,abbreviation
208dc53f-3194-48f1-9a92-fddcf3fcfae0,2811 8th Ave W,informal
557d4fc1-ac2e-4ec2-b33d-a811cb0af5b6,7928 MLK Jr Way S 98118 US,abbreviation
557d4fc1-ac2e-4ec2-b33d-a811cb0af5b6,7928 MARTIN LUTHER KING JR Way South US,dropped_zip
557d4fc1-ac2e-4ec2-b33d-a811cb0af5b6,7928 MLK Way S,mixed
c2c756d0-83aa-4466-88c4-7c7fbc5b1f62,5507 17TH Avenue Sout 98108 US,typo
c2c756d0-83aa-4466-88c4-7c7fbc5b1f62,98108 US 5507 17TH Avenue South,reordered
05741349-f5f4-4e9e-8111-4e3263ee5b3e,4819 PHINNEY Ave N 98103 US,abbreviation
05741349-f5f4-4e9e-8111-4e3263ee5b3e,4819 Phinney Ave N,informal
eb2f7680-ff0b-46e5-bd7e-1cf49ed73319,5205 9TH Ave NW Seattle WA 98107 US,abbreviation
eb2f7680-ff0b-46e5-bd7e-1cf49ed73319,5205 9TH Avenue Northwest Seattle WA US,dropped_zip
eb2f7680-ff0b-46e5-bd7e-1cf49ed73319,5205 9th Ave NW Seattle,informal
d9fec4e1-ad54-44bf-917b-5753b17971ba,8735 24TH Avennue Northwest Seattle WA 98117 US,typo
d9fec4e1-ad54-44bf-917b-5753b17971ba,8735 24TH Avenue Northwest WA 98117 US,dropped_city
d9fec4e1-ad54-44bf-917b-5753b17971ba,Seattle WA 8735 24TH Avenue Northwest 98117 US,reordered
8caab251-4ca6-467d-b881-c84d4067b663,6047 33RD Ave S Seattle WA 98118 US,abbreviation
8caab251-4ca6-467d-b881-c84d4067b663,6047 33rd Ave S Seattle,informal
6207811d-154e-4307-b494-afb96f16a4a3,4130 41ST Avenue South Seattle WA US,dropped_zip
6207811d-154e-4307-b494-afb96f16a4a3,4130 41ST Aveneu South Seattle WA 98118 US,typo
98330fa9-9538-4ad4-8bdd-027da678253c,Seattle WA 2451 26TH Avenue East 98112 US,reordered
98330fa9-9538-4ad4-8bdd-027da678253c,2451 26TH Ave E Seattle WA 98112 US,abbreviation
6fd38710-f24d-4a36-aa46-54343fa6d7fc,10755 56TH Avenue South WA 98178 US,dropped_city
6fd38710-f24d-4a36-aa46-54343fa6d7fc,10755 56th Ave S Seattle,informal
af6f5880-1af9-43f3-a2fb-bd12c60da05c,1015 N 40TH St Seattle WA 98103 US,abbreviation
af6f5880-1af9-43f3-a2fb-bd12c60da05c,1015 North 40TH Sreet Seattle WA 98103 US,typo
af6f5880-1af9-43f3-a2fb-bd12c60da05c,1015 N 40TH Sreet Seattle WA US,mixed
867679cf-6ebe-46b8-b4db-ca0f78c629ea,3514 South DAWSON Street Seattle WA US,dropped_zip
867679cf-6ebe-46b8-b4db-ca0f78c629ea,Seattle WA 3514 South DAWSON Street 98118 US,reordered
1ab0a4b5-58da-4e36-8070-e596a3fb351c,2521 N 40th St Seattle,informal
1ab0a4b5-58da-4e36-8070-e596a3fb351c,2521 N 40TH St Seattle WA 98103 US,abbreviation
d3d3518b-8888-4986-a09e-da1941320ea2,2816 BOYER Aveue East Seattle WA 98102 US,typo
d3d3518b-8888-4986-a09e-da1941320ea2,2816 BOYER Avenue East WA 98102 US,dropped_city
ab57caff-638c-4dc8-83c0-e2baa3bca1c9,Seattle WA 1807 BROADWAY East 98102 US,reordered
ab57caff-638c-4dc8-83c0-e2baa3bca1c9,1807 Broadway E Seattle,informal
929d70fd-9c03-4d41-aa45-deffea6c5f66,3606 36TH Ave S Seattle WA 98144 US,abbreviation
929d70fd-9c03-4d41-aa45-deffea6c5f66,3606 36TH Avenue South Seattle WA US,dropped_zip
f20ab93c-d56a-474a-aebb-4f577119d9cd,7704 SE 39TH St Issaquah WA 98040 US,abbreviation
f20ab93c-d56a-474a-aebb-4f577119d9cd,7704 Southeast 39TH Strete Issaquah WA 98040 US,typo
f20ab93c-d56a-474a-aebb-4f577119d9cd,7704 Southeast 39TH Street WA 98040 US,dropped_city
d045b90c-4525-4e20-93b8-c587c25c7ebc,7918 46th Ave S Seattle,informal
d045b90c-4525-4e20-93b8-c587c25c7ebc,Seattle WA 7918 46TH Avenue South 98118 US,reordered
09dd21bb-3cc4-40d2-ab29-59dfb96841e9,5121 South RUGGLES Street Seattle WA US,dropped_zip
09dd21bb-3cc4-40d2-ab29-59dfb96841e9,5121 S RUGGLES St Seattle WA 98178 US,abbreviation
beb08ac2-ae32-4b7e-ab31-0afd8fc6dde1,2709 2ND Avenuw North Seattle WA 98109 US,typo
beb08ac2-ae32-4b7e-ab31-0afd8fc6dde1,2709 2ND Avenue North WA 98109 US,dropped_city
847619c3-f9ba-4d58-b113-937d5f14885a,Seattle WA 3203 23RD Avenue West 98199 US,reordered
847619c3-f9ba-4d58-b113-937d5f14885a,3203 23rd Ave W Seattle,informal
e475c911-5d62-42eb-8f80-ae0b389b3a44,3439 16TH Ave W Seattle WA 98119 US,abbreviation
e475c911-5d62-42eb-8f80-ae0b389b3a44,3439 16TH Avenue West Seattle WA US,dropped_zip
fb4f781f-d584-40ff-b552-814615694b2b,4013 Southwest MARYLAD Place Seattle WA 98116 US,typo
fb4f781f-d584-40ff-b552-814615694b2b,4013 SW Maryland Pl Seattle,informal
fb4f781f-d584-40ff-b552-814615694b2b,4013 SW MARYLAD Pl WA 98116 US,mixed
3c99aa89-d293-4708-9deb-3f7c7e9741c1,4811 29TH Avenue South WA 98108 US,dropped_city
3c99aa89-d293-4708-9deb-3f7c7e9741c1,4811 29TH Ave S Seattle WA 98108 US,abbreviation
aa1fbec6-cf9c-4bcb-a756-a9fe6e20c7bb,Seattle WA 1417 Northwest 64TH Street 98107 US,reordered
aa1fbec6-cf9c-4bcb-a756-a9fe6e20c7bb,1417 Northwest 64TH Street Seattle WA US,dropped_zip
2a23351c-bdcb-44d6-aadc-ea22156a5615,7735 16th Ave SW Seattle,informal
2a23351c-bdcb-44d6-aadc-ea22156a5615,7735 16TH Avenuw Southwest Seattle WA 98106 US,typo
11727593-84d4-4d6b-af45-f856080d356f,3922 C LINDEN Ave N Seattle WA 98103 US,abbreviation
11727593-84d4-4d6b-af45-f856080d356f,3922 C LINDEN Avenue North WA 98103 US,dropped_city
11727593-84d4-4d6b-af45-f856080d356f,3922 C LINDEN Ave N Seatle WA US,mixed
df8e432c-7f2e-4601-8e8c-e2c8d4a6038c,8034 WALLINGFORD Avenue North Seattle WA US,dropped_zip
df8e432c-7f2e-4601-8e8c-e2c8d4a6038c,Seattle WA 8034 WALLINGFORD Avenue North 98103 US,reordered
69f7d4bc-f018-4ef9-8dcf-5ca9894b78fb,210 21st Ave Seattle,informal
69f7d4bc-f018-4ef9-8dcf-5ca9894b78fb,210 21ST Aveneu Seattle WA 98122 US,typo
d90e3537-0729-45a8-89f6-526a49d439bd,614 12th Ave E Seattle 98102 US,abbreviation
d90e3537-0729-45a8-89f6-526a49d439bd,614 12TH Avenue East Seattle US,dropped_zip
d90e3537-0729-45a8-89f6-526a49d439bd,614 12TH Avnue East Seattle 98102 US,typo
2c11bb0b-9116-4afe-9f3b-1e8ea7f51842,3321 31st Ave SW Seattle,informal
2c11bb0b-9116-4afe-9f3b-1e8ea7f51842,3321 31ST Avenue Southwest 98126 US,dropped_city
2c11bb0b-9116-4afe-9f3b-1e8ea7f51842,3321 31st Ave SW 98126,mixed
7137c3a0-3698-494b-8517-79a2d347c638,1215 16th Ave E Seattle 98112 US,abbreviation
7137c3a0-3698-494b-8517-79a2d347c638,Seattle 1215 16TH Avenue East 98112 US,reordered
feb8a965-627e-4f0f-ba1e-a487d08f43ec,1019 NE 62nd St Seattle 98115 US,abbreviation
feb8a965-627e-4f0f-ba1e-a487d08f43ec,1019 Northeast 62ND Street Seattle US,dropped_zip
feb8a965-627e-4f0f-ba1e-a487d08f43ec,1019 NE 62nd St Seattle,mixed
c74c2258-3fab-4e2a-97b6-0b6811ae43ac,5228 Fauntleroy Way SW Seattle,informal
c74c2258-3fab-4e2a-97b6-0b6811ae43ac,5228 FAUNTLEROY Way Southwet Seattle 98136 US,typo
15e09e38-773c-4394-937c-49db280fe372,804 N 43rd St Seattle 98103 US,abbreviation
15e09e38-773c-4394-937c-49db280fe372,804 North 43RD Street 98103 US,dropped_city
15e09e38-773c-4394-937c-49db280fe372,804 N 43rd St 98103,mixed
c36ab614-41a8-476d-ab73-864aa0762e5c,10039 16th Ave SW Seattle 98146 US,abbreviation
c36ab614-41a8-476d-ab73-864aa0762e5c,10039 16th Ave SW Seattle,informal
c36ab614-41a8-476d-ab73-864aa0762e5c,Seattle 10039 16TH Avenue Southwest 98146 US,reordered
f22019c8-aeca-4143-88f7-d95ea2f6aba0,214 NW 72nd St Seattle 98117 US,abbreviation
f22019c8-aeca-4143-88f7-d95ea2f6aba0,214 Northwest 72ND Strete Seattle 98117 US,typo
127e2ac5-1f1b-4ea2-a91e-525d0ec56fd6,9406 35TH Avenue Southwest Seattle US,dropped_zip
127e2ac5-1f1b-4ea2-a91e-525d0ec56fd6,9406 35th Ave SW,informal
4a255b8d-0164-4cf6-8e21-1ae778feddfd,320 NW 78th St Seattle 98117 US,abbreviation
4a255b8d-0164-4cf6-8e21-1ae778feddfd,Seattle 320 Northwest 78TH Street 98117 US,reordered
4a255b8d-0164-4cf6-8e21-1ae778feddfd,"320 NW 78th St, Seattle",mixed
30a5fb15-2eeb-4308-a37f-7676c4cc49d4,3455 Thorndyke Ave W Seattle 98119 US,abbreviation
30a5fb15-2eeb-4308-a37f-7676c4cc49d4,3455 THORNDYKE Avnue West Seattle 98119 US,typo
82a4567f-f3ac-4b2e-8910-b4f90aa57e04,1138 Broadway E Seattle,informal
82a4567f-f3ac-4b2e-8910-b4f90aa57e04,1138 BROADWAY East 98102 US,dropped_city
8869f827-b452-4fee-9cbd-557c175369df,7732 32nd Ave NE Seattle 98115 US,abbreviation
8869f827-b452-4fee-9cbd-557c175369df,7732 32ND Avenue Northeast Seattle US,dropped_zip
8869f827-b452-4fee-9cbd-557c175369df,7732 32ND Avenue Northest Seattle 98115 US,typo
71b6a167-fc40-4819-bcf3-b755758149ab,10003 47th Ave SW Seattle,informal
71b6a167-fc40-4819-bcf3-b755758149ab,Seattle 10003 47TH Avenue Southwest 98146 US,reordered
3c50cfa3-57fa-487c-9a55-7ad569f365b8,11006 Roseberg Ave S Seattle 98168 US,abbreviation
3c50cfa3-57fa-487c-9a55-7ad569f365b8,11006 ROSEBERG Avenue South 98168 US,dropped_city
3c50cfa3-57fa-487c-9a55-7ad569f365b8,"11006 Roseberg Ave S, 98168",mixed
ac67754d-8364-40cc-beed-80030be9b9d8,3924 SW Arroyo Ct Seattle 98146 US,abbreviation
ac67754d-8364-40cc-beed-80030be9b9d8,3924 Southwest ARROYO Courtt Seattle 98146 US,typo
c0d7d2fb-8b02-49e6-a266-eafeb8b69e81,3837 E Crockett Seattle,informal
c0d7d2fb-8b02-49e6-a266-eafeb8b69e81,3837 East CROCKETT Street Seattle US,dropped_zip
2b1f0ee9-41f5-496e-a46c-7474524d07fb,9552 Phinney Ave N Seattle 98103 US,abbreviation
2b1f0ee9-41f5-496e-a46c-7474524d07fb,Seattle 9552 PHINNEY Avenue North 98103 US,reordered
2b1f0ee9-41f5-496e-a46c-7474524d07fb,Phinney Ave N 9552 Seattle,mixed
391f6c39-a3c4-4dd9-8252-47ab54b7cf57,1556 NW 56th St Seattle 98107 US,abbreviation
391f6c39-a3c4-4dd9-8252-47ab54b7cf57,1556 Northwest 56TH Street 98107 US,dropped_city
391f6c39-a3c4-4dd9-8252-47ab54b7cf57,1556 Northwest 56TH Streeet Seattle 98107 US,typo
c8577f47-bebb-4975-ac29-2b83e8f7cb1f,842 NE 94th Seattle,informal
c8577f47-bebb-4975-ac29-2b83e8f7cb1f,842 Northeast 94TH Street Seattle US,dropped_zip
ae0af281-e2dc-4b6d-ab8e-c2a6fc0231e8,127 14th Ave Bellevue 98033 US,abbreviation
ae0af281-e2dc-4b6d-ab8e-c2a6fc0231e8,Bellevue 127 14TH Avenue 98033 US,reordered
ae0af281-e2dc-4b6d-ab8e-c2a6fc0231e8,"127 14th Ave, Bellevue",mixed
602a44e8-2f32-4c2b-9a55-a8b0ebb6126d,4328 12th Ave S Seattle 98108 US,abbreviation
602a44e8-2f32-4c2b-9a55-a8b0ebb6126d,4328 12TH Avenue Soutth Seattle 98108 US,typo
2c9a46bd-ba68-4899-970a-e36fca7de0c3,8628 22nd Ave SW Seattle,informal
2c9a46bd-ba68-4899-970a-e36fca7de0c3,8628 22ND Avenue Southwest 98106 US,dropped_city
2c9a46bd-ba68-4899-970a-e36fca7de0c3,8628 22nd Ave SW 98106,mixed
6c64447c-e770-447c-b518-8998833a3351,533 N 66th St Seattle 98103 US,abbreviation
6c64447c-e770-447c-b518-8998833a3351,533 North 66TH Street Seattle US,dropped_zip
028bbcbb-c543-4e55-aa7d-7f180a5dac40,3502 96th Ave SE Mercer Island 98040 US,abbreviation
028bbcbb-c543-4e55-aa7d-7f180a5dac40,3502 96TH Avenue Southest Mercer Island 98040 US,typo
028bbcbb-c543-4e55-aa7d-7f180a5dac40,Mercer Island 3502 96TH Avenue Southeast 98040 US,reordered
e1cb136a-2d1a-48e5-81f3-cf69a0ab8d04,7741 30th Ave SW 98126 US,abbreviation
e1cb136a-2d1a-48e5-81f3-cf69a0ab8d04,7741 30TH Avenue Southwest Seattle US,dropped_zip
e1cb136a-2d1a-48e5-81f3-cf69a0ab8d04,7741 30TH Avenue Southwest WA 98126 US,dropped_city
37a9aa10-04c4-4be5-805d-bdae12dd5fc0,4114 37th Ave S,informal
37a9aa10-04c4-4be5-805d-bdae12dd5fc0,37TH Avenue South 4114 98118 US,reordered
37a9aa10-04c4-4be5-805d-bdae12dd5fc0,4114 37TH Avenue South WA 98118 US,dropped_city
b54bc743-4da2-4384-b119-c6e00295f4bb,8234 Fairway Dr NE 98115 US,abbreviation
b54bc743-4da2-4384-b119-c6e00295f4bb,Fairway Dr NE 8234 98115 US,reordered
b54bc743-4da2-4384-b119-c6e00295f4bb,8234 FAIRWAY Drive Northeast Seattle US,dropped_zip
4a67d569-2cea-442f-a0aa-cd843e6b9bfa,1414 S Director St 98108 US,abbreviation
4a67d569-2cea-442f-a0aa-cd843e6b9bfa,1414 South DIRECTOR Street Seattle US,dropped_zip
4a67d569-2cea-442f-a0aa-cd843e6b9bfa,1414 South DIRECTOR Street WA 98108 US,dropped_city
ca340d54-e945-4e87-9ace-1ff919aad916,6322 HIGH PONT Drive Southwest 98106 US,typo
ca340d54-e945-4e87-9ace-1ff919aad916,6322 High Point Dr SW,informal
ca340d54-e945-4e87-9ace-1ff919aad916,6322 High Point Dr SW Seattle,mixed
44462881-157c-45ab-81f8-5a2f81aa8e0f,8448 26th Ave SW 98106 US,abbreviation
44462881-157c-45ab-81f8-5a2f81aa8e0f,8448 26TH Avenue Southwest WA 98106 US,dropped_city
44462881-157c-45ab-81f8-5a2f81aa8e0f,26th Ave SW 8448 98106 US,reordered
2ca22d90-fac3-42ec-8eba-af82b8ab9094,43rd Ave NE 3812 98105 US,reordered
2ca22d90-fac3-42ec-8eba-af82b8ab9094,3812 43RD Avenue Northeast Seattle US,dropped_zip
2ca22d90-fac3-42ec-8eba-af82b8ab9094,3812 43rd Ave NE Seattle,mixed
0f7677e0-1063-4dc1-b980-64eff115798a,7766 11th Ave SW,informal
0f7677e0-1063-4dc1-b980-64eff115798a,7766 11TH Avenue Southweat 98106 US,typo
0f7677e0-1063-4dc1-b980-64eff115798a,7766 11TH Avenue Southwest WA 98106 US,dropped_city
c689cd83-7f40-455f-a582-4481b4edd239,8145 4th Ave SW 98106 US,abbreviation
c689cd83-7f40-455f-a582-4481b4edd239,4th Ave SW 8145 98106 US,reordered
c689cd83-7f40-455f-a582-4481b4edd239,8145 4TH Avenue Southwest Seattle US,dropped_zip
e540fcea-9629-400f-86a3-7afd4573a09d,1527 HARVARD Aveneu 98122 US,typo
e540fcea-9629-400f-86a3-7afd4573a09d,1527 HARVARD Avenue Seattle US,dropped_zip
e540fcea-9629-400f-86a3-7afd4573a09d,1527 Harvard Ave,informal
7c9df480-9f64-4fe4-9b1f-4bd25820963f,11452 69th Pl S 98178 US,abbreviation
7c9df480-9f64-4fe4-9b1f-4bd25820963f,11452 69th Pl S,informal
7c9df480-9f64-4fe4-9b1f-4bd25820963f,11452 69TH Place South WA 98178 US,dropped_city
dbebc6b3-dbd3-4c15-b41a-f2ba59009240,10015 NE 12th St 98004 US,abbreviation
dbebc6b3-dbd3-4c15-b41a-f2ba59009240,10015 Northeast 12TH Street Bellevue US,dropped_zip
dbebc6b3-dbd3-4c15-b41a-f2ba59009240,10015 Northeast 12TH Street WA 98004 US,dropped_city
037d9f03-379c-4e5b-a2fa-6e34c6787ff4,South STATE Street 1816 98144 US,reordered
037d9f03-379c-4e5b-a2fa-6e34c6787ff4,1816 South STTATE Street 98144 US,typo
037d9f03-379c-4e5b-a2fa-6e34c6787ff4,1816 S State St 98144 US,abbreviation
47f90d16-5e57-4746-9b72-3e61775107b9,3715 34th Ave SW 98126 US,abbreviation
47f90d16-5e57-4746-9b72-3e61775107b9,3715 34TH Avenue Southwest Seattle US,dropped_zip
47f90d16-5e57-4746-9b72-3e61775107b9,3715 34th SW,informal
0dbf57e3-f144-4592-bf4f-c4eab0e54770,3309 S Orcas St,informal
0dbf57e3-f144-4592-bf4f-c4eab0e54770,ORCAS Street South 3309 98118 US,reordered
0dbf57e3-f144-4592-bf4f-c4eab0e54770,3309 South ORCAS Street WA 98118 US,dropped_city
ee0d79ca-d5d5-40d2-a13a-2cdbf8dccfd1,1821 Harvard Ave 98122 US,abbreviation
ee0d79ca-d5d5-40d2-a13a-2cdbf8dccfd1,Harvard Ave 1821 98122 US,reordered
ee0d79ca-d5d5-40d2-a13a-2cdbf8dccfd1,1821 HARVARD Avnue 98122 US,typo
bfed1d54-67fb-43e9-8ede-95f41775a60f,2030 PARKSIDE Drive Eaast 98112 US,typo
bfed1d54-67fb-43e9-8ede-95f41775a60f,2030 PARKSIDE Drive East Seattle US,dropped_zip
bfed1d54-67fb-43e9-8ede-95f41775a60f,2030 Parkside Dr E 98112 US,abbreviation
efaa82f0-9b7b-451e-8850-8097cfc0e5fe,6500 Park Point Ln NE 98115 US,abbreviation
efaa82f0-9b7b-451e-8850-8097cfc0e5fe,6500 Park Point Ln NE,informal
efaa82f0-9b7b-451e-8850-8097cfc0e5fe,6500 PARK POINT Lane Northeast WA 98115 US,dropped_city
4192419e-79e3-4354-a571-f620f33790a7,44th Ave SW 6552 98136 US,reordered
4192419e-79e3-4354-a571-f620f33790a7,6552 44th Ave SW Seattle,mixed
4192419e-79e3-4354-a571-f620f33790a7,6552 44TH Avenue Southwet 98136 US,typo
f19b14e7-dd05-4d99-9a2b-fb5c0695097f,4208 SW 102nd St 98146 US,abbreviation
f19b14e7-dd05-4d99-9a2b-fb5c0695097f,4208 Southwest 102ND Streett 98146 US,typo
f19b14e7-dd05-4d99-9a2b-fb5c0695097f,4208 Southwest 102ND Street Seattle US,dropped_zip
d2f850c4-1f94-4e3e-a573-9bac05a7b57e,4648 89TH Avenue Southeast Mercer Island US,dropped_zip
d2f850c4-1f94-4e3e-a573-9bac05a7b57e,4648 89th Ave SE,informal
d2f850c4-1f94-4e3e-a573-9bac05a7b57e,4648 89TH Avenue Southeast WA 98040 US,dropped_city
9ca99c26-ee89-4a5f-9feb-60b0d01731d6,1712 18th Ave S 98144 US,abbreviation
9ca99c26-ee89-4a5f-9feb-60b0d01731d6,18th Ave S 1712 98144 US,reordered
9ca99c26-ee89-4a5f-9feb-60b0d01731d6,1712 18th S,informal
80c4d6e1-80b2-4978-8a2d-4ff057425412,212 3RD Avenuw South 98104 US,typo
80c4d6e1-80b2-4978-8a2d-4ff057425412,212 3rd Ave S,informal
80c4d6e1-80b2-4978-8a2d-4ff057425412,212 3RD Avenue South Seattle US,dropped_zip
f1a3357b-0d95-4fa4-9720-c7ff67abf862,2330 Yale Ave E 98102 US,abbreviation
f1a3357b-0d95-4fa4-9720-c7ff67abf862,2330 YALE Avenue East Seattle US,dropped_zip
f1a3357b-0d95-4fa4-9720-c7ff67abf862,Yale Ave East 2330 98102 US,reordered
9d8607d7-1748-48cb-972b-0eead9b8d188,3407 34th Ave S,informal
9d8607d7-1748-48cb-972b-0eead9b8d188,3407 34TH Avenue Soutth 98144 US,typo
9d8607d7-1748-48cb-972b-0eead9b8d188,3407 34TH Avenue South Seattle US,dropped_zip
dccbeac9-359b-42fe-8415-664773166bb5,520 99th Ave NE 98004 US,abbreviation
dccbeac9-359b-42fe-8415-664773166bb5,520 99TH Aveneu Northeast 98004 US,typo
dccbeac9-359b-42fe-8415-664773166bb5,520 99th Ave NE,informal
11b4394a-7a61-47c4-bc0e-350e7fb3851b,1256 Parkside Drive East US,dropped_zip
11b4394a-7a61-47c4-bc0e-350e7fb3851b,Parkside Drive East 1256 98112 US,reordered
11b4394a-7a61-47c4-bc0e-350e7fb3851b,1256 Parkside Dr E 98112,mixed
4b4c1bb4-548c-41cf-9e42-1c5ef3c5751f,401 23rd Ave E 98112 US,abbreviation
4b4c1bb4-548c-41cf-9e42-1c5ef3c5751f,401 23RD Avenue East 98121 US,typo
24abe766-088b-4a74-aae7-cac1e4bff7bc,9001 35th Ave SW,informal
24abe766-088b-4a74-aae7-cac1e4bff7bc,9001 35th Avenue Southwest US,dropped_zip
049b37c0-aa0e-44d0-8a96-a06281fba743,8825 B Stone Ave N 98103 US,abbreviation
049b37c0-aa0e-44d0-8a96-a06281fba743,Stone Avenue North 8825 B 98103 US,reordered
049b37c0-aa0e-44d0-8a96-a06281fba743,8825 B STNE Avenue North 98103 US,typo
998850de-da73-42d7-8e1e-96820526face,8300 32nd Avenue Northwest US,dropped_zip
998850de-da73-42d7-8e1e-96820526face,8300 32nd Ave NW,informal
3d29c2a8-0c71-41a8-9e75-8c82d09b0e25,4035 47th Ave SW 98116 US,abbreviation
3d29c2a8-0c71-41a8-9e75-8c82d09b0e25,4035 47TH Avenue Southwet 98116 US,typo
c1cc088d-8047-4e86-ae22-f4cf1dc3af7e,3900 Sunnyside Ave N,informal
c1cc088d-8047-4e86-ae22-f4cf1dc3af7e,Sunnyside Avenue North 3900 98103 US,reordered
557c6eb2-dac5-4a47-830d-50930b7afba3,3100 21st Ave S 98144 US,abbreviation
557c6eb2-dac5-4a47-830d-50930b7afba3,3100 21st Avenue South US,dropped_zip
94ae5195-44f7-445d-b403-9d87deb2fa78,2414 D Southwest HLDEN Street 98126 US,typo
94ae5195-44f7-445d-b403-9d87deb2fa78,2414 D SW Holden St,informal
94ae5195-44f7-445d-b403-9d87deb2fa78,2414 D SW Holden St 98126,mixed
73da858a-e51f-4563-9e24-67fd32642e5a,916 W Howe St 98119 US,abbreviation
73da858a-e51f-4563-9e24-67fd32642e5a,Howe Street West 916 98119 US,reordered
83c4b465-299c-4c98-970a-198bc8c0841d,7416 39th Avenue South US,dropped_zip
83c4b465-299c-4c98-970a-198bc8c0841d,7416 39TH Avenue Suth 98118 US,typo
3f6403ad-b788-4555-a287-a6e12b00b2a1,6818 54th Ave NE,informal
3f6403ad-b788-4555-a287-a6e12b00b2a1,6818 54th Ave NE 98115 US,abbreviation
699b79c0-368d-4a1d-8605-9084d8b23c26,10435 15th Avenue Southwest 98146 US,dropped_city
699b79c0-368d-4a1d-8605-9084d8b23c26,10435 15th Ave SW Seattle 98146 US,abbreviation
699b79c0-368d-4a1d-8605-9084d8b23c26,Seattle 10435 15th Avenue Southwest 98146 US,reordered
5d1c5480-4ee0-432e-ad77-0c614bf12f81,908 North 71ST Strete 98103 US,typo
5d1c5480-4ee0-432e-ad77-0c614bf12f81,908 North 71st Street US,dropped_zip
685c8317-6564-4887-a613-6e137b12ab48,4416 S Hudson St,informal
685c8317-6564-4887-a613-6e137b12ab48,4416 S Hudson St 98118 US,abbreviation
6ef8e7cd-e076-4546-898e-7476b8aee85f,17th Avenue South 1814 98144 US,reordered
6ef8e7cd-e076-4546-898e-7476b8aee85f,1814 17th Avenue South US,dropped_zip
ad9126de-0f1b-49d1-997b-fb30aee65dea,2438 Lorentz Pl N 98109 US,abbreviation
ad9126de-0f1b-49d1-997b-fb30aee65dea,2438 LORENTZ Place Noth 98109 US,typo
96c4bc8c-b60d-4a89-88e0-6490788a7855,7047 35th Ave NE,informal
96c4bc8c-b60d-4a89-88e0-6490788a7855,7047 35th Avenue Northeast US,dropped_zip
936a5eb6-9f63-48d3-a640-e43e92383865,833 NW 67th St 98117 US,abbreviation
936a5eb6-9f63-48d3-a640-e43e92383865,67th Street Northwest 833 98117 US,reordered
1bfa6397-b548-41e9-ba32-b5aac4916fd2,1114 15TH Avenue Est 98112 US,typo
1bfa6397-b548-41e9-ba32-b5aac4916fd2,1114 15th Avenue East US,dropped_zip
00da0af5-ca1f-4929-aafc-a8ddd156b20a,646 16th Ave W,informal
00da0af5-ca1f-4929-aafc-a8ddd156b20a,646 16th Ave W 98033 US,abbreviation
c9dcafc9-3494-409f-abbd-8f732239b356,13th Avenue South 6200 98108 US,reordered
c9dcafc9-3494-409f-abbd-8f732239b356,6200 13th Avenue South US,dropped_zip
4d91817f-a952-45cd-b650-cb84d74259b5,526 South KING Steet 98104 US,typo
4d91817f-a952-45cd-b650-cb84d74259b5,526 S King St,informal
774562fc-f5d7-4701-b0f3-c8c39a02f8c9,9827 6th Place Southwest 98106 US,dropped_city
774562fc-f5d7-4701-b0f3-c8c39a02f8c9,9827 6th Pl SW Seattle 98106 US,abbreviation
774562fc-f5d7-4701-b0f3-c8c39a02f8c9,9827 6th Pl SW 98106,mixed
a350b5c6-1e61-43e3-be58-d435c6b875f9,3001 36th Ave SW 98126 US,abbreviation
a350b5c6-1e61-43e3-be58-d435c6b875f9,3001 36TH Avenue Southwest Seattle US,dropped_zip
a350b5c6-1e61-43e3-be58-d435c6b875f9,3001 36TH Avenue Southwest 98126 US,dropped_city
ad0c3c06-a143-4083-860f-179008af796f,409 Northwest 60TH Strete 98107 US,typo
ad0c3c06-a143-4083-860f-179008af796f,98107 US 409 Northwest 60TH Street,reordered
ad0c3c06-a143-4083-860f-179008af796f,409 NW 60th St Seattle,mixed
c8b1d54e-e18f-45f4-ad4a-a4d790072ad3,7508 FAIRWAY Dr NE 98115 US,abbreviation
c8b1d54e-e18f-45f4-ad4a-a4d790072ad3,7508 FAIRWAY Drive Northeast 98115 US,dropped_city
b295dbac-6dea-4797-8d5e-20c183318e52,224 Ward St Seattle,informal
b295dbac-6dea-4797-8d5e-20c183318e52,224 WARD Streer 98109 US,typo
208c01e8-6c01-4a98-a22a-ce8ec1905346,6727 CARLETON Ave S 98108 US,abbreviation
208c01e8-6c01-4a98-a22a-ce8ec1905346,6727 CARLETON Avenue South Seattle US,dropped_zip
e4ab7ba2-9cff-4d5e-bfa2-15b93a57d5e0,6020 Northwest 6TH Avenue 98107 US,reordered
e4ab7ba2-9cff-4d5e-bfa2-15b93a57d5e0,6020 6TH Avenue Northwest 98107 US,dropped_city
c73ffe77-977a-4cdd-9b8e-0bc627861404,3614 BAGLEY Avenue Nprth 98103 US,typo
c73ffe77-977a-4cdd-9b8e-0bc627861404,3614 Bagley Ave N Seattle,informal
bba1d774-3889-44d5-8827-b7e7691bbcd8,217 S FINDLAY St 98108 US,abbreviation
bba1d774-3889-44d5-8827-b7e7691bbcd8,217 South FINDLAY Street Seattle US,dropped_zip
06ea9658-83f2-477a-af73-26ed88ce22e8,4310 Wallingford Ave N Seattle,mixed
06ea9658-83f2-477a-af73-26ed88ce22e8,Seattle 4310 WALLINGFORD Avenue North 98103 US,reordered
783b67a1-9ee0-4b05-ad0e-2c00cdcf8d43,1204 East JEFFERSON Sreet 98122 US,typo
783b67a1-9ee0-4b05-ad0e-2c00cdcf8d43,1204 E Jefferson St Seattle,informal
7e99b979-0dfc-459e-aa7a-88d6737342ab,10126 51st Ave SW 98146 US,abbreviation
7e99b979-0dfc-459e-aa7a-88d6737342ab,51ST Avenue Southwest 10126 98146 US,reordered
dfbc7c0c-a55e-4aff-9481-4c262a656800,4000 East MADISON Street Seattle US,dropped_zip
dfbc7c0c-a55e-4aff-9481-4c262a656800,4000 E Madison St Seattle,informal
8138171e-af6a-498c-ac12-6cd0df70b355,9222 3RD Avenue Northwes 98117 US,typo
8138171e-af6a-498c-ac12-6cd0df70b355,9222 3rd Ave NW 98117 US,abbreviation
5f187518-acb4-4a2f-b375-876e49dc7de6,1025 North 45TH Street 98103 US,dropped_city
5f187518-acb4-4a2f-b375-876e49dc7de6,1025 N 45th St Seattle,mixed
f827afd3-8ca7-4e33-808e-ad37769201aa,9424 VINEYARD Cst 98004 US,abbreviation
f827afd3-8ca7-4e33-808e-ad37769201aa,9424 VINEYARD Crest Bellevue US,dropped_zip
f827afd3-8ca7-4e33-808e-ad37769201aa,9424 Vineyard Crest Bellevue,informal
6442394b-b0c4-4589-b8af-8c4c425bf109,7119 HOLLY PARK Drive Souht 98118 US,typo
6442394b-b0c4-4589-b8af-8c4c425bf109,7119 HOLLY PARK Dr S 98118 US,abbreviation
b9f4fbfb-6d43-42cd-8c9d-86f358130f6c,1530 NW 53rd St Seattle,informal
b9f4fbfb-6d43-42cd-8c9d-86f358130f6c,1530 Northwest 53RD Street 98107 US,dropped_city
df740184-088d-470c-9501-991d4b7050ed,9443 7th Ave SW 98106 US,abbreviation
df740184-088d-470c-9501-991d4b7050ed,9443 7TH Avenue Southwst Seattle US,mixed
601c6f1a-9685-4113-8e6c-2b56b574e12d,7521 40TH Avenue Northeas 98115 US,typo
601c6f1a-9685-4113-8e6c-2b56b574e12d,7521 40TH Avenue Northeast Seattle US,dropped_zip
218b7751-4ad4-4a96-9525-1863cfd05dd0,2219 W Bertona St Seattle,informal
218b7751-4ad4-4a96-9525-1863cfd05dd0,2219 W BERTONA St 98199 US,abbreviation
be7d5c69-6e2e-44d0-871b-5edd94389b01,West GALER Street 2810 98199 US,reordered
be7d5c69-6e2e-44d0-871b-5edd94389b01,2810 W Galer St Seattle US,mixed
ba91c2d3-c5dc-4de3-a3f6-ab60bedb4122,5302 LATONA Avenue Northeats 98105 US,typo
ba91c2d3-c5dc-4de3-a3f6-ab60bedb4122,5302 LATONA Ave NE 98105 US,abbreviation
bce6ec1d-33d4-4909-9e7d-38fe6b506e7e,3912 South WARSAW Street Seattle US,dropped_zip
bce6ec1d-33d4-4909-9e7d-38fe6b506e7e,3912 S Warsaw St Seattle,informal
f410770a-ee93-4006-ad4a-d130fd0453c3,7319 50th Ave NE 98115 US,abbreviation
f410770a-ee93-4006-ad4a-d130fd0453c3,7319 50TH Avenue Northeasr 98115 US,typo
2060e192-a536-4733-80b7-802239deb05b,5427 NE Penrith Rd Seattle,informal
2060e192-a536-4733-80b7-802239deb05b,5427 NE PENRITH Rd 98105 US,abbreviation
2060e192-a536-4733-80b7-802239deb05b,5427 Northeast PENRITH Road 98105 US,dropped_city
0fb04395-3307-4ace-abcf-602c024e82a0,1122 HIAWATHA Pl S 98144 US,abbreviation
0fb04395-3307-4ace-abcf-602c024e82a0,1122 HIAWATHA Place South US,dropped_zip
0fb04395-3307-4ace-abcf-602c024e82a0,1122 HIAWATHA Pl,informal
3239c831-59eb-477b-a028-192928d72018,1116 E PIKE St 98122 US,abbreviation
3239c831-59eb-477b-a028-192928d72018,1116 East PIKE Strete 98122 US,typo
3239c831-59eb-477b-a028-192928d72018,1116 East PIKE Street 98122,dropped_city
22718afd-41a0-43bd-903d-786af7bc4314,3032 B SW CHARLESTOWN St 98126 US,abbreviation
22718afd-41a0-43bd-903d-786af7bc4314,CHARLESTOWN Street 3032 B Southwest 98126 US,reordered
22718afd-41a0-43bd-903d-786af7bc4314,3032 B SW CHARLESTOWN St US,mixed
97730b68-0eb3-4b54-8f69-9835cd50fc35,7746 30TH Ave SW 98126 US,abbreviation
97730b68-0eb3-4b54-8f69-9835cd50fc35,7746 30TH Aveneu Southwest 98126 US,typo
97730b68-0eb3-4b54-8f69-9835cd50fc35,7746 30TH Avenue Southwest 98126,dropped_city
a74de46e-c700-44e6-a8d3-aea007538e11,3616 SW 102ND St 98146 US,abbreviation
a74de46e-c700-44e6-a8d3-aea007538e11,3616 Southwest 102ND Street US,dropped_zip
a74de46e-c700-44e6-a8d3-aea007538e11,3616 SW 102ND,informal
b1514ff8-bdcc-45dc-9ac6-74eba17aa213,7745 1ST Ave NE 98103 US,abbreviation
b1514ff8-bdcc-45dc-9ac6-74eba17aa213,1ST Avenue Northeast 7745 98103 US,reordered
b1514ff8-bdcc-45dc-9ac6-74eba17aa213,7745 1ST Ave NE US,mixed
c6dad69b-273e-4d4d-bf6d-d80aeb8ea1aa,863 20TH Ave S 98144 US,abbreviation
c6dad69b-273e-4d4d-bf6d-d80aeb8ea1aa,863 20TH Avenuw South 98144 US,typo
c6dad69b-273e-4d4d-bf6d-d80aeb8ea1aa,863 20TH Avenue South 98144,dropped_city
9aaba890-790d-4fb9-9052-80e39b6bdc12,8424 W MERCER Wy 98040 US,abbreviation
9aaba890-790d-4fb9-9052-80e39b6bdc12,8424 West MERCER Way US,dropped_zip
9aaba890-790d-4fb9-9052-80e39b6bdc12,8424 W MERCER Wy,informal
1be25b78-324f-4ae7-a1c9-e62e2bbbd167,1217 NE 61ST St 98115 US,abbreviation
1be25b78-324f-4ae7-a1c9-e62e2bbbd167,Northeast 61ST Street 1217 98115 US,reordered
1be25b78-324f-4ae7-a1c9-e62e2bbbd167,1217 NE 61ST St US,mixed
09c6a340-9c70-4b26-bf84-f198987f,11033 35TH Ave SW 98146 US,abbreviation
09c6a340-9c70-4b26-bf84-f198987f,11033 35TH Avenue Southwesst 98146 US,typo
09c6a340-9c70-4b26-bf84-f198987f,11033 35TH Avenue Southwest 98146,dropped_city
5a89b948-3524-4dc9-9af1-2124a58997e1,119 N 41ST St 98103 US,abbreviation
5a89b948-3524-4dc9-9af1-2124a58997e1,119 North 41ST Street US,dropped_zip
5a89b948-3524-4dc9-9af1-2124a58997e1,119 N 41ST St,informal
7f6893f2-c0ea-4073-b3f1-b21a8cf87a5b,7707 15TH Ave SW 98106 US,abbreviation
7f6893f2-c0ea-4073-b3f1-b21a8cf87a5b,15TH Avenue Southwest 7707 98106 US,reordered
7f6893f2-c0ea-4073-b3f1-b21a8cf87a5b,7707 15TH Ave SW US,mixed
67c985a6-f7c6-4f3a-8959-e5911e79e34e,9247 14TH Ave NW 98117 US,abbreviation
67c985a6-f7c6-4f3a-8959-e5911e79e34e,9247 14TH Avenu Northwest 98117 US,typo
67c985a6-f7c6-4f3a-8959-e5911e79e34e,9247 14TH Avenue Northwest 98117,dropped_city
599b5979-e221-44e9-a7ff-42e8bba11d11,6203 GREENWOOD Ave N 98103 US,abbreviation
599b5979-e221-44e9-a7ff-42e8bba11d11,6203 GREENWOOD Avenue North US,dropped_zip
599b5979-e221-44e9-a7ff-42e8bba11d11,6203 GREENWOOD Ave,informal
f7d8f4ea-9371-4daa-9f3d-77109de71b55,4220 S EDDY St 98118 US,abbreviation
f7d8f4ea-9371-4daa-9f3d-77109de71b55,EDDY Street 4220 South 98118 US,reordered
f7d8f4ea-9371-4daa-9f3d-77109de71b55,4220 S EDDY St US,mixed
ca742faf-537d-4bf2-aefc-ccfbf7b72b19,2908 23RD Ave S 98144 US,abbreviation
ca742faf-537d-4bf2-aefc-ccfbf7b72b19,2908 23RD Avnue South 98144 US,typo
ca742faf-537d-4bf2-aefc-ccfbf7b72b19,2908 23RD Avenue South 98144,dropped_city
5aab1dcb-5324-44ba-afbc-e52fb671ac42,8616 LINDEN Ave N 98103 US,abbreviation
5aab1dcb-5324-44ba-afbc-e52fb671ac42,8616 LINDEN Avenue North US,dropped_zip
5aab1dcb-5324-44ba-afbc-e52fb671ac42,8616 LINDEN Ave,informal
64a6e3e1-485b-4ee7-a960-d4fd51370c5b,3610 PHINNEY Ave N 98103 US,abbreviation
64a6e3e1-485b-4ee7-a960-d4fd51370c5b,PHINNEY Avenue North 3610 98103 US,reordered
64a6e3e1-485b-4ee7-a960-d4fd51370c5b,3610 PHINNEY Ave N US,mixed
c302f270-a86d-47e6-957c-1fecc1b0846b,7620 SE 22ND St 98040 US,abbreviation
c302f270-a86d-47e6-957c-1fecc1b0846b,7620 Southeast 22ND Strete 98040 US,typo
c302f270-a86d-47e6-957c-1fecc1b0846b,7620 Southeast 22ND Street 98040,dropped_city
1907f57b-30cb-4b3a-8056-012ccd02909f,2131 N 86TH St 98103 US,abbreviation
1907f57b-30cb-4b3a-8056-012ccd02909f,2131 North 86TH Street US,dropped_zip
1907f57b-30cb-4b3a-8056-012ccd02909f,2131 N 86TH St,informal
05e8b21c-f078-4d53-943b-10c55713021b,5241 LAKE WASHINGTON Blvd S 98118 US,abbreviation
05e8b21c-f078-4d53-943b-10c55713021b,LAKE WASHINGTON Boulevard South 5241 98118 US,reordered
05e8b21c-f078-4d53-943b-10c55713021b,5241 LAKE WASHINGTON Blvd S US,mixed
e238c7c2-547e-4830-9760-6b1ad8f033c2,8001 37TH Ave SW 98126 US,abbreviation
e238c7c2-547e-4830-9760-6b1ad8f033c2,8001 37TH Avenuw Southwest 98126 US,typo
e238c7c2-547e-4830-9760-6b1ad8f033c2,8001 37TH Avenue Southwest 98126,dropped_city
df0ce4ce-27ca-4e99-aac1-b07a5ef4e639,512 NE 86TH St 98115 US,abbreviation
df0ce4ce-27ca-4e99-aac1-b07a5ef4e639,512 Northeast 86TH Street US,dropped_zip
df0ce4ce-27ca-4e99-aac1-b07a5ef4e639,512 NE 86TH St,informal
07dbd9be-2634-4cc9-981d-9de81a64c6e1,8437 NE WOODLAND COVE Dr 98034 US,abbreviation
07dbd9be-2634-4cc9-981d-9de81a64c6e1,WOODLAND COVE Drive Northeast 8437 98034 US,reordered
07dbd9be-2634-4cc9-981d-9de81a64c6e1,8437 NE WOODLAND COVE Dr US,mixed
e8139da9-3195-48e5-bb43-81cdc50276ef,2216 12TH Ave E 98102 US,abbreviation
e8139da9-3195-48e5-bb43-81cdc50276ef,2216 12TH Avenue Easst 98102 US,typo
e8139da9-3195-48e5-bb43-81cdc50276ef,2216 12TH Avenue East 98102,dropped_city
feea3d99-9e6b-431d-b793-2ac2bbd6b655,4296 Little Canoe Chnl NE Seattle 98195 US,abbreviation
feea3d99-9e6b-431d-b793-2ac2bbd6b655,4296 Little Canoe Channel Northeast Seattle US,dropped_zip
feea3d99-9e6b-431d-b793-2ac2bbd6b655,4296 Little Canoe Channle Northeast Seattle 98195 US,typo
6ecbf9cd-4730-40e9-86a5-f6badbc7466b,2525 1/2 Eastlake Ave E Seattle 98102 US,abbreviation
6ecbf9cd-4730-40e9-86a5-f6badbc7466b,2525 1/2 Eastlake Seattle,informal
6ecbf9cd-4730-40e9-86a5-f6badbc7466b,Seattle 2525 1/2 Eastlake Avenue East 98102 US,reordered
26807263-2fe1-4d38-b00f-a8c6ffe16d59,1110 SW Trenton St Seattle 98106 US,abbreviation
26807263-2fe1-4d38-b00f-a8c6ffe16d59,1110 Southwest Trenton Street 98106 US,dropped_city
26807263-2fe1-4d38-b00f-a8c6ffe16d59,1110 Southwest Trnton Street Seattle US,mixed
7ba462ef-ad25-4931-b0c2-1f1998a6b11c,3219 S Dearborn St Seattle 98144 US,abbreviation
7ba462ef-ad25-4931-b0c2-1f1998a6b11c,3219 Dearborn Seattle,informal
7ba462ef-ad25-4931-b0c2-1f1998a6b11c,3219 South Dearborn Street Seattle US,dropped_zip
760d8b98-64cd-4b2b-bdd3-37440977c837,2539 39th Ave E Seattle 98112 US,abbreviation
760d8b98-64cd-4b2b-bdd3-37440977c837,98112 US 2539 39th Avenue East Seattle,reordered
760d8b98-64cd-4b2b-bdd3-37440977c837,2539 39th Avenue East 98112 US,dropped_city
63984775-49e5-421d-9362-16d463266235,6231 4th Ave NW Seattle 98107 US,abbreviation
63984775-49e5-421d-9362-16d463266235,6231 4th Aveneu Northwest Seattle 98107 US,typo
63984775-49e5-421d-9362-16d463266235,6231 4th Avenue Northwest Seattle US,dropped_zip
d9edc03b-72f6-469c-9e7d-f3e56e5c33eb,8750 Mary Ave NW Seattle 98117 US,abbreviation
d9edc03b-72f6-469c-9e7d-f3e56e5c33eb,8750 Mary Ave NW,informal
d9edc03b-72f6-469c-9e7d-f3e56e5c33eb,8750 Mary Avenue Northwest 98117 US,dropped_city
9dd64139-bda2-4e58-8696-bb8f23cb767f,7204 Dumar Wy SW Seattle 98106 US,abbreviation
9dd64139-bda2-4e58-8696-bb8f23cb767f,7204 Dumar Wya Southwest Seattle 98106 US,typo
9dd64139-bda2-4e58-8696-bb8f23cb767f,Seattle 7204 Dumar Way Southwest 98106 US,reordered
773ca31d-4d3d-46b2-9dbe-788dc4c867e9,415 NW 65th St Seattle 98107 US,abbreviation
773ca31d-4d3d-46b2-9dbe-788dc4c867e9,415 Northwest 65th Street Seattle US,dropped_zip
773ca31d-4d3d-46b2-9dbe-788dc4c867e9,415 NW 65th Seattle,informal
ee254901-78a5-476a-afa9-227e6672e7c2,2427 30th Ave W Seattle 98199 US,abbreviation
ee254901-78a5-476a-afa9-227e6672e7c2,2427 30th Avenue West 98199 US,dropped_city
ee254901-78a5-476a-afa9-227e6672e7c2,2427 30th Aveneu West Seattle 98199 US,typo
e79fc4a7-24c1-4f1a-a37f-a8f5d4d2a6a8,3618 28th Ave W Seattle 98199 US,abbreviation
e79fc4a7-24c1-4f1a-a37f-a8f5d4d2a6a8,3618 28th Ave W Seattle,informal
e79fc4a7-24c1-4f1a-a37f-a8f5d4d2a6a8,3618 28th Avenue West Seattle US,dropped_zip
2bbcbe92-1fdc-47f0-9ff8-951e6d54ee94,912 NW 85th St Seattle 98117 US,abbreviation
2bbcbe92-1fdc-47f0-9ff8-951e6d54ee94,Seattle 912 NW 85th Street 98117 US,reordered
2bbcbe92-1fdc-47f0-9ff8-951e6d54ee94,912 Northwest 85th Street 98117 US,dropped_city
03b007de-a3b9-44ec-9106-19ba92921e7b,6641 A Carleton Ave S Seattle 98108 US,abbreviation
03b007de-a3b9-44ec-9106-19ba92921e7b,6641 A Carleton Aveneu South Seattle 98108 US,typo
03b007de-a3b9-44ec-9106-19ba92921e7b,6641 A Carleton Avenue South Seattle US,dropped_zip
c2dd2897-99a4-43b5-9e26-965df8b13cf4,632 B NW 85th St Seattle 98117 US,abbreviation
c2dd2897-99a4-43b5-9e26-965df8b13cf4,632 B NW 85th Seattle,informal
c2dd2897-99a4-43b5-9e26-965df8b13cf4,632 B NW 85th St 98117 US,mixed
ab67a31c-ae57-45b6-b8c3-70db8f4d5f0b,3435 Meridian Ave N Seattle 98103 US,abbreviation
ab67a31c-ae57-45b6-b8c3-70db8f4d5f0b,3435 Meridian Avenue North Seattle US,dropped_zip
ab67a31c-ae57-45b6-b8c3-70db8f4d5f0b,Meridian Ave N 3435 Seattle 98103 US,reordered
6b6c2342-fda7-4d43-abc2-637fa319568e,5137 25th Ave NE Seattle 98105 US,abbreviation
6b6c2342-fda7-4d43-abc2-637fa319568e,5137 25th Avene Northeast Seattle 98105 US,typo
6b6c2342-fda7-4d43-abc2-637fa319568e,5137 25th Avenue Northeast 98105 US,dropped_city
dcec7e29-06cb-40bb-a90d-42cad83dd83d,3411 97th Ave SE Mercer Island 98040 US,abbreviation
dcec7e29-06cb-40bb-a90d-42cad83dd83d,3411 97th Ave SE Mercer Island,informal
dcec7e29-06cb-40bb-a90d-42cad83dd83d,3411 97th Avenue Southeast Mercer Island US,dropped_zip
e6bddff4-70c0-4375-8cb4-2b9d92c33d72,4727 Beacon Ave S Seattle 98108 US,abbreviation
e6bddff4-70c0-4375-8cb4-2b9d92c33d72,Seattle 4727 Beacon Avenue South 98108 US,reordered
e6bddff4-70c0-4375-8cb4-2b9d92c33d72,4727 Beacon Aveneu South Seattle 98108 US,typo
3edaadee-83bc-428e-8ec8-46aa57c2ea65,1528 24th Ave Seattle 98122 US,abbreviation
3edaadee-83bc-428e-8ec8-46aa57c2ea65,1528 24th Avenue 98122 US,dropped_city
3edaadee-83bc-428e-8ec8-46aa57c2ea65,1528 24th Ave,informal
3eaaeb1e-10f6-4c83-ae26-4f30ff7920ee,9018 3rd Ave SW Seattle 98106 US,abbreviation
3eaaeb1e-10f6-4c83-ae26-4f30ff7920ee,9018 3rd Avenue Southwest Seattle US,dropped_zip
3eaaeb1e-10f6-4c83-ae26-4f30ff7920ee,9018 3rd Avenue Southwesst Seattle 98106 US,typo
508a556f-be32-4daf-8e4d-20400a3dfc37,711 Comstock St Seattle 98109 US,abbreviation
508a556f-be32-4daf-8e4d-20400a3dfc37,711 Comstock Seattle,informal
508a556f-be32-4daf-8e4d-20400a3dfc37,Seattle 711 Comstock Street 98109 US,reordered
a9f0e85d-02da-4e33-bc69-8e79627b7deb,1086 Bellevue Sq Bellevue 98004 US,abbreviation
a9f0e85d-02da-4e33-bc69-8e79627b7deb,1086 Bellevue Square 98004 US,dropped_city
a9f0e85d-02da-4e33-bc69-8e79627b7deb,1086 Belleuve Square Bellevue 98004 US,typo
894e752c-41d7-4fa2-9fa8-58491f3e783c,1512 Broadway Seattle,informal
894e752c-41d7-4fa2-9fa8-58491f3e783c,1512 Broadway Seattle US,dropped_zip
894e752c-41d7-4fa2-9fa8-58491f3e783c,Seattle 1512 Broadway 98122 US,reordered
9f4bff1b-15f4-47c3-8318-019e772ad247,10937 5th Ave SW Seattle 98146 US,abbreviation
9f4bff1b-15f4-47c3-8318-019e772ad247,10937 5th Avenue Southwest 98146 US,dropped_city
9f4bff1b-15f4-47c3-8318-019e772ad247,10937 5th Avenue Southweat Seattle 98146 US,typo
2326aed1-12d5-465d-91b4-938e52991624,9002 NE 10th St Bellevue 98004 US,abbreviation
2326aed1-12d5-465d-91b4-938e52991624,9002 NE 10th Bellevue,informal
2326aed1-12d5-465d-91b4-938e52991624,Bellevue 9002 Northeast 10th Street US,mixed
d99ffdb7-2eca-4f5d-bdf6-577c7a8f16e6,8002 FAUNTLEROY Wy SW 98136 US,abbreviation
d99ffdb7-2eca-4f5d-bdf6-577c7a8f16e6,8002 FAUNTLEROY Way Southwest US,dropped_zip
d99ffdb7-2eca-4f5d-bdf6-577c7a8f16e6,8002 Fauntleroy Way SW,informal
8aff3577-6ed1-41c9-a5df-2df5ccaebadf,6066 52ND Aveneu Northeast 98115 US,typo
8aff3577-6ed1-41c9-a5df-2df5ccaebadf,98115 US 6066 52ND Avenue Northeast,reordered
8aff3577-6ed1-41c9-a5df-2df5ccaebadf,6066 52ND Ave NE 98115 US,abbreviation
d217de4a-33a4-464d-a875-58a884b4e6e7,8608 24TH Avenue Southwest 98106,dropped_city
d217de4a-33a4-464d-a875-58a884b4e6e7,8608 24TH Ave SW 98106 US,abbreviation
d0ac2f30-74ca-41e5-8f77-96cedb44f6ca,5030 42ND Avenue South US,dropped_zip
d0ac2f30-74ca-41e5-8f77-96cedb44f6ca,5030 42nd Ave S Seattle,informal
b1f66090-6139-4326-a1cf-bc9875bd3a0e,5519 27TH Avenue Northeats 98105 US,typo
b1f66090-6139-4326-a1cf-bc9875bd3a0e,5519 27TH Ave NE 98105 US,abbreviation
e81fdb0e-193e-4971-a69c-e9ef83cdc61a,98108 US 4809 29TH Avenue South,reordered
e81fdb0e-193e-4971-a69c-e9ef83cdc61a,4809 29TH Avenue South 98108,dropped_city
4d0619f0-b6d9-47ee-8f50-15055c301136,1811 N 44TH St 98103 US,abbreviation
4d0619f0-b6d9-47ee-8f50-15055c301136,1811 North 44TH Street US,dropped_zip
4d0619f0-b6d9-47ee-8f50-15055c301136,1811 N 44th St Seatle,mixed
9111749b-9f29-4e03-a7f4-82180f9a3402,5819 45TH Avenue Northeast 98105,dropped_city
9111749b-9f29-4e03-a7f4-82180f9a3402,5819 45TH Avenue Northeasr 98105 US,typo
e36637cf-d5e3-4167-a9aa-9cf9349949b1,9615 46TH Ave SW 98146 US,abbreviation
e36637cf-d5e3-4167-a9aa-9cf9349949b1,9615 46th Ave SW,informal
46928e73-de53-430e-a24c-29b47ad3dd0c,8407 36TH Avenue Southwest US,dropped_zip
46928e73-de53-430e-a24c-29b47ad3dd0c,98126 US 8407 36TH Avenue Southwest,reordered
d1e73749-0dd4-43ee-bf05-43a3647c60c8,11028 17TH Ave SW Seattle 98146 US,abbreviation
d1e73749-0dd4-43ee-bf05-43a3647c60c8,11028 17TH Avenue Southwest Seatle 98146 US,typo
d1e73749-0dd4-43ee-bf05-43a3647c60c8,11028 17TH Avenue Southwest 98146 US,dropped_city
17352117-491d-4cc0-8b37-da75a688d92c,3845 81st Ave SE Mercer Island,informal
17352117-491d-4cc0-8b37-da75a688d92c,3845 81ST Avenue Southeast US,dropped_zip
b3cbf0b8-2c23-4efe-b47e-74a4f0bb2bb2,5027 51ST Ave SW 98116 US,abbreviation
b3cbf0b8-2c23-4efe-b47e-74a4f0bb2bb2,5027 51ST Avenue Southwst 98116 US,typo
e7e0ca06-c587-4fcf-a08d-709f7509756c,2517 28TH Avenue West 98199,dropped_city
e7e0ca06-c587-4fcf-a08d-709f7509756c,98199 US 2517 28TH Avenue West,reordered
5e339eee-a5ac-40a8-a88d-2c575818da8,6188 92ND Ave SE 98040 US,abbreviation
5e339eee-a5ac-40a8-a88d-2c575818da8,6188 92nd Ave SE Mercer Island,informal
72cf068d-44db-47e4-af26-c234abd17dc8,5340 West MERCER Wsy 98040 US,typo
72cf068d-44db-47e4-af26-c234abd17dc8,5340 West MERCER Way US,dropped_zip
72cf068d-44db-47e4-af26-c234abd17dc8,5340 W Mercer Wy 98040,mixed
7ae6b1fb-5ebb-4693-b549-fd7c439546b2,4053 NE 87TH St 98115 US,abbreviation
7ae6b1fb-5ebb-4693-b549-fd7c439546b2,4053 Northeast 87TH Street 98115,dropped_city
77eaffff-ada2-4b92-a6df-8d197fe80555,1757 B 19th Ave S Seattle,informal
77eaffff-ada2-4b92-a6df-8d197fe80555,1757 B 19TH Avenue Soth 98144 US,typo
c0f0b075-0cc0-4734-bfdd-5ba37ad8a26a,1317 6TH Avenue North US,dropped_zip
c0f0b075-0cc0-4734-bfdd-5ba37ad8a26a,1317 6TH Ave N 98109 US,abbreviation
3e8bd171-4cf3-499e-92b5-00d02908c2e0,98134 US 465 South HOLGATE Street,reordered
3e8bd171-4cf3-499e-92b5-00d02908c2e0,465 S HOLGATE St 98134 US,abbreviation
3e0b269e-ea92-42eb-838b-40c483ce8ea8,1330 South FERDINAND Streer 98108 US,typo
3e0b269e-ea92-42eb-838b-40c483ce8ea8,1330 South FERDINAND Street US,dropped_zip
c44f160a-63c3-4564-8bd2-2bedfad6fea2,544 S Concord St,informal
c44f160a-63c3-4564-8bd2-2bedfad6fea2,544 S CONCORD St 98108 US,abbreviation
304773c6-a792-4a01-ad66-b72b61e7d3e6,1119 26TH Avenue 98122,dropped_city
304773c6-a792-4a01-ad66-b72b61e7d3e6,1119 26TH Ave 98122 US,abbreviation
9748d1dc-86f5-46e4-ac3c-3312b64fde00,3925 15TH Avenue Northeast US,dropped_zip
9748d1dc-86f5-46e4-ac3c-3312b64fde00,3925 15th Ave NE Seattle,informal
77033127-6c94-4117-92da-95ad376621e0,11454 70TH Pl S 98178 US,abbreviation
77033127-6c94-4117-92da-95ad376621e0,98178 US 11454 70TH Place South,reordered
c7d5e111-8f89-40ed-b28c-94bb1ac198e1,6254 FLORA Ave S 98108 US,abbreviation
c7d5e111-8f89-40ed-b28c-94bb1ac198e1,6254 FLORA Avenue South US,dropped_zip
c7d5e111-8f89-40ed-b28c-94bb1ac198e1,6254 Flora Ave S,informal
bbec5834-90c5-4300-857b-fd73fdd6bd63,611 1ST Strete 98033 US,typo
bbec5834-90c5-4300-857b-fd73fdd6bd63,98033 US 611 1ST Street,reordered
d63b0966-7be0-45da-8e5d-59e120590f1e,8830 11TH Ave SW 98106 US,abbreviation
d63b0966-7be0-45da-8e5d-59e120590f1e,8830 11TH Avenue Southwest US,dropped_zip
d63b0966-7be0-45da-8e5d-59e120590f1e,8830 11th Ave SW,informal
3d0ae96b-fd45-46c8-8442-5edfaaad4ca9,4554 DELRIDGE Way Sothwest 98106 US,typo
3d0ae96b-fd45-46c8-8442-5edfaaad4ca9,4554 Delridge Way SW US,mixed
5c0c9d65-8e8e-4ec2-b955-a17b5b9fa2e8,9001 NE 40TH Pl 98004 US,abbreviation
5c0c9d65-8e8e-4ec2-b955-a17b5b9fa2e8,9001 Northeast 40TH Place US,dropped_zip
5c0c9d65-8e8e-4ec2-b955-a17b5b9fa2e8,9001 NE 40th Pl,informal
ab697632-b499-4c92-8106-3f6fc75c02e,6465 SAND POINT Way Northeat 98115 US,typo
ab697632-b499-4c92-8106-3f6fc75c02e,98115 US 6465 SAND POINT Way Northeast,reordered
74a98d02-4afd-4998-bdd8-c38ab49811f4,7107 78TH Ave SE 98040 US,abbreviation
74a98d02-4afd-4998-bdd8-c38ab49811f4,7107 78TH Avenue Southeast US,dropped_zip
9e9de43e-1e2f-4232-a6f5-8f0e686dc849,5523 32ND Aveneu South 98108 US,typo
9e9de43e-1e2f-4232-a6f5-8f0e686dc849,5523 32nd Ave S,informal
9a9666b7-2f48-4a8e-98c3-55a9177eea74,10244 9TH Ave S Seattle 98168 US,abbreviation
9a9666b7-2f48-4a8e-98c3-55a9177eea74,10244 9TH Avenue South Seattle US,dropped_zip
9a9666b7-2f48-4a8e-98c3-55a9177eea74,10244 9TH Avenue South 98168 US,dropped_city
3a7e60a1-26f2-4d48-bf50-9e5805b558d6,4049 30TH Aveneu West 98199 US,typo
3a7e60a1-26f2-4d48-bf50-9e5805b558d6,4049 30th Ave W,informal
6459d136-1024-4f1b-9aa8-3f6fc75c02e,6836 28TH Ave NE 98115 US,abbreviation
6459d136-1024-4f1b-9aa8-3f6fc75c02e,6836 28TH Avenue Northeast US,dropped_zip
6459d136-1024-4f1b-9aa8-3f6fc75c02e,98115 US 6836 28TH Avenue Northeast,reordered
43608675-ff94-4418-a5a3-6abf0169f97c,650 Northwet 84TH Street 98117 US,typo
43608675-ff94-4418-a5a3-6abf0169f97c,650 NW 84th St,informal
43608675-ff94-4418-a5a3-6abf0169f97c,650 NW 84th St US,mixed
697628ec-49cc-46a2-8e2b-4eae9dd31851,5812 W MERCER Way 98040 US,abbreviation
697628ec-49cc-46a2-8e2b-4eae9dd31851,5812 West MERCER Way US,dropped_zip
c59484f6-3e57-41e8-aef2-94ac535ceeb6,1770 A 19TH Aveneu South 98144 US,typo
c59484f6-3e57-41e8-aef2-94ac535ceeb6,1770 A 19th Ave S,informal
c59484f6-3e57-41e8-aef2-94ac535ceeb6,98144 US 1770 A 19th Ave S,mixed
7c767957-15bf-4688-b48b-20d65e3895e7,10305 NE 60TH St 98033 US,abbreviation
7c767957-15bf-4688-b48b-20d65e3895e7,10305 Northeast 60TH Street US,dropped_zip
3a787a6c-8672-4456-b8c2-3e979f7de7a0,3057 50TH Avenue Sothwest 98116 US,typo
3a787a6c-8672-4456-b8c2-3e979f7de7a0,3057 50th Ave SW,informal
561654c6-c99f-4237-b340-1ee8d788fedb,3701 NE 45TH St 98105 US,abbreviation
561654c6-c99f-4237-b340-1ee8d788fedb,3701 Northeast 45TH Street US,dropped_zip
561654c6-c99f-4237-b340-1ee8d788fedb,98105 US 3701 Northeast 45TH Street,reordered
77a4df95-f2e1-4fc3-b430-8000c64b48af,6829 WEEDIN Place Northaest 98115 US,typo
77a4df95-f2e1-4fc3-b430-8000c64b48af,6829 Weedin Pl NE,informal
afdbbf38-0dc0-4e5c-86bb-6ad5296757a0,9320 NE 24TH St 98004 US,abbreviation
afdbbf38-0dc0-4e5c-86bb-6ad5296757a0,9320 Northeast 24TH Street US,dropped_zip
afdbbf38-0dc0-4e5c-86bb-6ad5296757a0,9320 NE 24th St US,mixed
2c65df34-d2e6-494b-8028-18629342c7a5,402 DETWILER Lane 98004 US,typo
2c65df34-d2e6-494b-8028-18629342c7a5,402 Detwiller Ln,informal
51046ce9-e79d-456b-9b90-76af77588384,11266 4TH Pl SW Seattle 98146 US,abbreviation
51046ce9-e79d-456b-9b90-76af77588384,11266 4TH Place Southwest Seattle US,dropped_zip
51046ce9-e79d-456b-9b90-76af77588384,11266 4TH Place Southwest 98146 US,dropped_city
9a73793b-4222-4a5a-a0eb-465db8d90662,2954 Southwest RAYMOND Sreet 98126 US,typo
9a73793b-4222-4a5a-a0eb-465db8d90662,2954 SW Raymond St,informal
94b6ad88-80a8-4129-90dd-d49b6ad7535d,11232 OCCIDENTAL Ave S Seattle 98168 US,abbreviation
94b6ad88-80a8-4129-90dd-d49b6ad7535d,11232 OCCIDENTAL Avenue South Seattle US,dropped_zip
94b6ad88-80a8-4129-90dd-d49b6ad7535d,11232 Occidental Ave S 98168 US,mixed
a6f3fb80-e754-4e4f-82ac-7c38813ef4f8,4815 B DELRIDGE Way Sothwest 98106 US,typo
a6f3fb80-e754-4e4f-82ac-7c38813ef4f8,4815 B Delridge Way SW,informal
42a75803-491f-4aa5-af44-0c74c6eecdbd,4218 SUNNYSIDE Ave N 98103 US,abbreviation
42a75803-491f-4aa5-af44-0c74c6eecdbd,4218 SUNNYSIDE Avenue North US,dropped_zip
42a75803-491f-4aa5-af44-0c74c6eecdbd,98103 US 4218 SUNNYSIDE Avenue North,reordered
de75d643-0bc7-4acf-803f-5999fbb4bc16,6639 WOODLAWN Ave N 98103 US,abbreviation
de75d643-0bc7-4acf-803f-5999fbb4bc16,6639 Woodlawn Ave N,informal
de75d643-0bc7-4acf-803f-5999fbb4bc16,6639 WOODLAWN Avenue North US,dropped_zip
dd1d2b36-1c7d-44b8-83a1-24cb1db73530,1015 8TH Aveneu North 98109 US,typo
dd1d2b36-1c7d-44b8-83a1-24cb1db73530,98109 US 1015 8TH Avenue North,reordered
dd1d2b36-1c7d-44b8-83a1-24cb1db73530,1015 8TH Avenue North 98109 US,dropped_city
700dc6f8-8e34-4214-9ed8-6f0cb7ab3c41,5928 21ST Ave S 98108 US,abbreviation
700dc6f8-8e34-4214-9ed8-6f0cb7ab3c41,5928 21st Ave S Seattle,mixed
2b16a41e-5343-4e2c-be22-c79dcfd8322d,5806 B 14th Ave NW,informal
2b16a41e-5343-4e2c-be22-c79dcfd8322d,5806 B 14TH Avenue Northwest US,dropped_zip
2b16a41e-5343-4e2c-be22-c79dcfd8322d,5806 B 14TH Aveneu Northwest 98107 US,typo
6bdf8516-05cd-4384-996b-5ff69e48d252,1259 SW ORCHARD St 98106 US,abbreviation
6bdf8516-05cd-4384-996b-5ff69e48d252,98106 US 1259 Southwest ORCHARD Street,reordered
6bdf8516-05cd-4384-996b-5ff69e48d252,1259 Southwest ORCHARD Street 98106 US,dropped_city
f1ae9d8b-90ca-4c7f-a9bd-9cd266022e2b,6833 D WEEDIN Palce Northeast 98115 US,typo
f1ae9d8b-90ca-4c7f-a9bd-9cd266022e2b,6833 D Weedin Pl NE,informal
915e527b-c61e-436a-8415-7af29d34ebf9,1522 12TH Avenue US,dropped_zip
915e527b-c61e-436a-8415-7af29d34ebf9,1522 12TH Ave 98122 US,abbreviation
915e527b-c61e-436a-8415-7af29d34ebf9,1522 12th Ave Seattle,mixed
762104a0-7312-453e-852a-61144db74f5b,9017 LINDEN Aveneu North 98103 US,typo
762104a0-7312-453e-852a-61144db74f5b,9017 LINDEN Avenue North 98103 US,dropped_city
11fa9630-a5a0-4b38-8a67-b91c976adbfa,7724 58th Ave NE,informal
11fa9630-a5a0-4b38-8a67-b91c976adbfa,98115 US 7724 58TH Avenue Northeast,reordered
8db8775e-1e60-403a-a9ed-f2660803bdf8,6025 48TH Ave SW 98136 US,abbreviation
8db8775e-1e60-403a-a9ed-f2660803bdf8,6025 48TH Avenue Southwest US,dropped_zip
8db8775e-1e60-403a-a9ed-f2660803bdf8,6025 48th Ave SW Seattle,mixed
0838037e-7d11-4005-80c9-d8aa46925cf3,4213 PHINNY Avenue North 98103 US,typo
0838037e-7d11-4005-80c9-d8aa46925cf3,4213 Phinney Ave N,informal
f78cc8e9-9cbd-4c45-b064-359355eaf3e0,620 S DAKOTA St 98108 US,abbreviation
f78cc8e9-9cbd-4c45-b064-359355eaf3e0,620 South DAKOTA Street 98108 US,dropped_city
f78cc8e9-9cbd-4c45-b064-359355eaf3e0,98108 US 620 South DAKOTA Street,reordered
ec325a29-0d15-4380-b60d-91554491aae3,3910 NE 50th St,informal
ec325a29-0d15-4380-b60d-91554491aae3,3910 Northeast 50TH Street US,dropped_zip
eb9e7d7c-99bb-4277-92c9-b3ec00468bc7,9430 NE 31ST St 98004 US,abbreviation
eb9e7d7c-99bb-4277-92c9-b3ec00468bc7,9430 NE 31st St Bellevue,mixed
eb9e7d7c-99bb-4277-92c9-b3ec00468bc7,9430 Northeast 31ST Sreet 98004 US,typo
d2208cc1-6444-4a8d-a993-1f7a31624739,4723 42nd Ave SW,informal
d2208cc1-6444-4a8d-a993-1f7a31624739,4723 42ND Avenue Southwest 98116 US,dropped_city
3a58a4bc-2488-47f3-a459-28e050813300,6552 34TH Ave SW 98126 US,abbreviation
3a58a4bc-2488-47f3-a459-28e050813300,98126 US 6552 34TH Avenue Southwest,reordered
1eed0a69-fbfa-4f78-9294-a815235f383f,11445 70th Pl S,informal
1eed0a69-fbfa-4f78-9294-a815235f383f,11445 70TH Place South US,dropped_zip
1eed0a69-fbfa-4f78-9294-a815235f383f,11445 70TH Palce South 98178 US,typo
2f52a9b6-0c1b-4aa6-88e9-11526b019168,2030 1ST Aveneu 98121 US,typo
2f52a9b6-0c1b-4aa6-88e9-11526b019168,2030 1ST Avenue 98121 US,dropped_city
5d93d048-69d6-43b8-b27b-c7b7a28f0519,4130 W MARGINAL Way SW 98106 US,abbreviation
5d93d048-69d6-43b8-b27b-c7b7a28f0519,4130 W Marginal Way SW,informal
5d93d048-69d6-43b8-b27b-c7b7a28f0519,98106 US 4130 West MARGINAL Way Southwest,reordered
4cb46fd4-a549-4177-8cda-fcdddfbad002,3021 23RD Avenue South US,dropped_zip
4cb46fd4-a549-4177-8cda-fcdddfbad002,3021 23rd Ave S Seattle,mixed
41e4e36e-5f7e-4218-bedc-0a8f9ff20ead,516 YALE Aveneu North 98109 US,typo
41e4e36e-5f7e-4218-bedc-0a8f9ff20ead,516 YALE Avenue North 98109 US,dropped_city
216a7870-b9d7-4823-b077-4741df363224,4731 COTTAGE Pl SW 98106 US,abbreviation
216a7870-b9d7-4823-b077-4741df363224,4731 Cottage Pl SW,informal
3ec1c817-b398-487b-be89-6a37a3d7deef,4050 Southwest ADMIRAL Way US,dropped_zip
3ec1c817-b398-487b-be89-6a37a3d7deef,4050 Southwest ADMERL Way 98116 US,typo
3ec1c817-b398-487b-be89-6a37a3d7deef,98116 US 4050 Southwest ADMIRAL Way,reordered
b172963f-7397-4032-86d9-4935065c04dd,3820 34th Ave SW,informal
b172963f-7397-4032-86d9-4935065c04dd,3820 34TH Avenue Southwest 98126 US,dropped_city
d9434a2a-a240-4c38-9f80-9c21331f68a7,2120 31ST Ave W 98199 US,abbreviation
d9434a2a-a240-4c38-9f80-9c21331f68a7,2120 31ST Aveneu West 98199 US,typo
99e6e424-2570-46ac-bb07-cb40f8821ea5,5934 32nd Ave S 98118 US,abbreviation
99e6e424-2570-46ac-bb07-cb40f8821ea5,5934 32ND Avenue South US,dropped_zip
99e6e424-2570-46ac-bb07-cb40f8821ea5,5934 32ND Aveneu South 98118 US,typo
56ca0664-2c7a-4cce-b866-03495b2320ef,1117 N 85th St,informal
56ca0664-2c7a-4cce-b866-03495b2320ef,85th St N 1117 98103 US,reordered
56ca0664-2c7a-4cce-b866-03495b2320ef,1117 North 85TH Street US,dropped_zip
cb216a20-fe2a-4995-b057-dc381826c342,3817 B 12th Ave W 98119 US,abbreviation
cb216a20-fe2a-4995-b057-dc381826c342,3817 B 12TH Aveneu West 98119 US,typo
559933af-4ab7-44f5-b2dd-6e7d99ac6d52,307 NW 70th St,informal
559933af-4ab7-44f5-b2dd-6e7d99ac6d52,307 Northwest 70TH Street US,dropped_zip
559933af-4ab7-44f5-b2dd-6e7d99ac6d52,70th Street Northwest 307 98117 US,reordered
b1659207-8e05-4bdb-9f1d-cd58eca1dc79,116 B 21st Ave E 98112 US,abbreviation
b1659207-8e05-4bdb-9f1d-cd58eca1dc79,116 B 21ST Avnue East 98112 US,typo
766b8f10-eba2-46f4-a52c-a439423777e5,604 S RIVERSIDE Dr 98108 US,abbreviation
766b8f10-eba2-46f4-a52c-a439423777e5,604 South RIVERSIDE Drive US,dropped_zip
766b8f10-eba2-46f4-a52c-a439423777e5,604 S Riverside Dr,informal
746e5bc9-c65d-48f9-bd3f-3953911b8c7c,920 BROADWAY Esat 98102 US,typo
746e5bc9-c65d-48f9-bd3f-3953911b8c7c,920 BROADWAY East US,dropped_zip
d2010de2-293d-40e4-b062-d20c5e65c6ff,1144 21st Ave E 98112 US,abbreviation
d2010de2-293d-40e4-b062-d20c5e65c6ff,21st Avenue East 1144 98112 US,reordered
7eb1730f-108d-4fc9-9d04-686e3424cd29,201 S TRENTON St 98108 US,abbreviation
7eb1730f-108d-4fc9-9d04-686e3424cd29,201 South TRENTON Street US,dropped_zip
7eb1730f-108d-4fc9-9d04-686e3424cd29,201 S Trenton St,informal
7856aaf8-b163-400b-9d08-497cd71b91f4,11030 4th Ave S SEATTLE 98168 US,abbreviation
7856aaf8-b163-400b-9d08-497cd71b91f4,11030 4TH Avenue South 98168 US,dropped_city
7856aaf8-b163-400b-9d08-497cd71b91f4,11030 4th Ave S SEATTLE US,mixed
3cd81907-3219-43ad-af96-630c6f774ab5,1602 44th Ave SW,informal
3cd81907-3219-43ad-af96-630c6f774ab5,1602 44TH Avenue Soutwest 98116 US,typo
be37ad2c-243e-4a62-8903-86e71f3bb83c,2311 MCGILVRA Blvd E 98112 US,abbreviation
be37ad2c-243e-4a62-8903-86e71f3bb83c,2311 MCGILVRA Boulevard East US,dropped_zip
be37ad2c-243e-4a62-8903-86e71f3bb83c,MCGILVRA Boulevard East 2311 98112 US,reordered
78058919-1398-4b71-ba09-1800b51940ce,6405 A Phinney Ave N,informal
78058919-1398-4b71-ba09-1800b51940ce,6405 A PHINNEY Avenuw North 98103 US,typo
19514e0c-659c-4e2e-8347-ae163d320bc7,2815 BOYLSTON Ave E 98102 US,abbreviation
19514e0c-659c-4e2e-8347-ae163d320bc7,2815 BOYLSTON Avenue East US,dropped_zip
bfad259b-3edd-4767-8a3f-8ef1bd00c254,5252 CALIFORNIA Ave SW 98136 US,abbreviation
bfad259b-3edd-4767-8a3f-8ef1bd00c254,5252 CALIFORNIA Avenue Southwest US,dropped_zip
bfad259b-3edd-4767-8a3f-8ef1bd00c254,5252 California Ave SW,informal
6821437d-8858-4e14-a7cc-3365db4bf6cc,6521 31ST Avenue Southwst 98126 US,typo
6821437d-8858-4e14-a7cc-3365db4bf6cc,31st Avenue Southwest 6521 98126 US,reordered
8c1458b1-ce10-457b-b9de-e5b9a9a4c518,3050 19th Ave S,informal
8c1458b1-ce10-457b-b9de-e5b9a9a4c518,3050 19TH Avenue South US,dropped_zip
e74c093d-f96a-45ba-981a-9dbdd7fed036,8054 A 16th Ave NW 98117 US,abbreviation
e74c093d-f96a-45ba-981a-9dbdd7fed036,8054 A 16TH Avenuw Northwest 98117 US,typo
e74c093d-f96a-45ba-981a-9dbdd7fed036,8054 A 16th Ave NW US,mixed
95563e18-3d14-4452-82b1-ca9221a12391,4628 S FRONTENAC St 98118 US,abbreviation
95563e18-3d14-4452-82b1-ca9221a12391,4628 S Frontenac St,informal
ac34d7e0-955b-49e0-b37b-b0947299657e,3712 78TH Avenue Southeast US,dropped_zip
ac34d7e0-955b-49e0-b37b-b0947299657e,3712 78TH Avenue Southaest 98040 US,typo
ac34d7e0-955b-49e0-b37b-b0947299657e,78th Avenue Southeast 3712 98040 US,reordered
d4aa5045-7bdd-4235-a7dc-c7ef9959c2e1,3718 SW WEBSTER St 98126 US,abbreviation
d4aa5045-7bdd-4235-a7dc-c7ef9959c2e1,3718 SW Webster St,informal
d4aa5045-7bdd-4235-a7dc-c7ef9959c2e1,3718 Southwest WEBSTER Street US,dropped_zip
512c0530-115a-4e24-a761-d33f18e98970,3915 40TH Avnue Southwest 98116 US,typo
512c0530-115a-4e24-a761-d33f18e98970,40th Avenue Southwest 3915 98116 US,reordered
7bd7e9a7-0fc0-4fb5-8216-99b311c74b62,6658 E GREEN LAKE Way N 98103 US,abbreviation
7bd7e9a7-0fc0-4fb5-8216-99b311c74b62,6658 E Green Lake Way N,informal
7bd7e9a7-0fc0-4fb5-8216-99b311c74b62,6658 East GREEN LAKE Way North US,dropped_zip
c3c41b16-079d-47aa-98de-3596b3705911,9100 20TH Avenue Northesat 98115 US,typo
c3c41b16-079d-47aa-98de-3596b3705911,9100 20th Ave NE 98115 US,abbreviation
e2f1d818-4c05-4618-8b53-4bd9178dee5b,5890 NE Park Point Dr,informal
e2f1d818-4c05-4618-8b53-4bd9178dee5b,5890 Northeast PARK POINT Drive US,dropped_zip
e2f1d818-4c05-4618-8b53-4bd9178dee5b,PARK POINT Drive Northeast 5890 98115 US,reordered
642723b1-7167-4785-ada6-59beb2f5aabe,1221 41ST Ave E 98112 US,abbreviation
642723b1-7167-4785-ada6-59beb2f5aabe,1221 41ST Avenue East US,dropped_zip
642723b1-7167-4785-ada6-59beb2f5aabe,1221 41st Ave E,informal
5efe9386-1571-4e34-b7cd-351f91511142,10842 3rd Ave SW Seattle,informal
5efe9386-1571-4e34-b7cd-351f91511142,SEATTLE 10842 3RD Avenue Southwest 98146 US,reordered
5efe9386-1571-4e34-b7cd-351f91511142,10842 3RD Avenue Southwest 98146 US,dropped_city
74bf3c4b-d538-4774-81a0-5437e9b1ba81,10642 18TH Avenue Southwest 98146 US,dropped_city
74bf3c4b-d538-4774-81a0-5437e9b1ba81,10642 18TH Avenue Southwesst SEATTLE 98146 US,typo
74bf3c4b-d538-4774-81a0-5437e9b1ba81,10642 18TH Ave SW SEATTLE 98146 US,abbreviation
d3438ee9-2bec-4e09-b583-cffdf34e1d13,6538 24TH Ave NE 98115 US,abbreviation
d3438ee9-2bec-4e09-b583-cffdf34e1d13,6538 24TH Avenue Northeast US,dropped_zip
d3438ee9-2bec-4e09-b583-cffdf34e1d13,6538 24th Ave NE Seattle,mixed
857f6197-0744-4f7d-9f49-118f8f688a8e,6534 4TH Avenue Northwest US,dropped_zip
857f6197-0744-4f7d-9f49-118f8f688a8e,6534 4TH Avenue Northwset 98117 US,typo
857f6197-0744-4f7d-9f49-118f8f688a8e,4TH Avenue Northwest 6534 98117 US,reordered
995764cf-bc1b-481a-8a84-1e2ad239ac70,4352 SW FRONTENAC St 98136 US,abbreviation
995764cf-bc1b-481a-8a84-1e2ad239ac70,4352 SW Frontenac St,informal
995764cf-bc1b-481a-8a84-1e2ad239ac70,4352 Southwest FRONTENAC Strete 98136 US,typo
ccb9acc0-3e9b-4f9c-9a4a-680052b6fc7a,3624 Southwest 112TH Street US,dropped_zip
ccb9acc0-3e9b-4f9c-9a4a-680052b6fc7a,112TH Street Southwest 3624 98146 US,reordered
ccb9acc0-3e9b-4f9c-9a4a-680052b6fc7a,3624 SW 112TH St 98146 US,abbreviation
14f65d30-f1f2-45a0-b80e-cd9be08c9979,4622 PALATNE Avenue North 98103 US,typo
14f65d30-f1f2-45a0-b80e-cd9be08c9979,4622 PALATINE Ave N 98103 US,abbreviation
14f65d30-f1f2-45a0-b80e-cd9be08c9979,4622 Palatine Ave N,informal
4d56a89c-3bbc-4f68-bae9-30b81f28e60c,734 34th Ave,informal
4d56a89c-3bbc-4f68-bae9-30b81f28e60c,734 34TH Avenue US,dropped_zip
4d56a89c-3bbc-4f68-bae9-30b81f28e60c,734 34TH Ave 98122 US,abbreviation
1f140bc3-0278-4273-93ee-02cf23419eaf,4631 S FONTANELLE St 98118 US,abbreviation
1f140bc3-0278-4273-93ee-02cf23419eaf,4631 South FONTANELLE Strete 98118 US,typo
1f140bc3-0278-4273-93ee-02cf23419eaf,FONTANELLE Street South 4631 98118 US,reordered
9f141caa-8fb3-401f-b077-0920fd1d4f16,8315 5TH Avenue Northeast US,dropped_zip
9f141caa-8fb3-401f-b077-0920fd1d4f16,8315 5th Ave NE Seattle,mixed
9f141caa-8fb3-401f-b077-0920fd1d4f16,8315 5TH Avenue Northesat 98115 US,typo
caa62f73-468a-41be-b6c1-a067e582c8af,4600 Corson Ave S,informal
caa62f73-468a-41be-b6c1-a067e582c8af,4600 CORDSON Avenue South 98108 US,typo
caa62f73-468a-41be-b6c1-a067e582c8af,4600 CORSON Ave S 98108 US,abbreviation
2a444d5e-2bfc-48ff-89be-a66ccce16aae,211 W CROCKETT St 98119 US,abbreviation
2a444d5e-2bfc-48ff-89be-a66ccce16aae,211 West CROCKETT Street US,dropped_zip
2a444d5e-2bfc-48ff-89be-a66ccce16aae,211 W Crockett St,informal
7ae5d3f8-10f8-4182-893b-a61c4575965e,EVANSTON Avenue North 4208 C 98103 US,reordered
7ae5d3f8-10f8-4182-893b-a61c4575965e,4208 C EVANSTON Ave N 98103 US,abbreviation
7ae5d3f8-10f8-4182-893b-a61c4575965e,4208 C EVANSTON Avenue Norh 98103 US,typo
80396427-6eb5-4086-8ae0-1e9de7d00f8c,4980 LEWSI Place Southwest 98116 US,typo
80396427-6eb5-4086-8ae0-1e9de7d00f8c,4980 Lewis Pl SW,informal
80396427-6eb5-4086-8ae0-1e9de7d00f8c,4980 LEWIS Pl SW 98116 US,abbreviation
5b59930f-069c-45dd-9b0a-5a507b37ebbe,4560 52ND Avenue Northeast US,dropped_zip
5b59930f-069c-45dd-9b0a-5a507b37ebbe,4560 52ND Ave NE 98105 US,abbreviation
5b59930f-069c-45dd-9b0a-5a507b37ebbe,52ND Avenue Northeast 4560 98105 US,reordered
6442b704-276f-4fd3-9317-713005cb1a34,216 W Roy St,informal
6442b704-276f-4fd3-9317-713005cb1a34,216 West ROY Street US,dropped_zip
6442b704-276f-4fd3-9317-713005cb1a34,216 W ROY St 98119 US,abbreviation
1213f20f-a87f-40cf-999f-59fb8a40b012,9231 34TH Avenue Southwst 98126 US,typo
1213f20f-a87f-40cf-999f-59fb8a40b012,34TH Avenue Southwest 9231 98126 US,reordered
1213f20f-a87f-40cf-999f-59fb8a40b012,9231 34TH Ave SW 98126 US,abbreviation
a73cedb2-e74d-4edc-b841-de6fb53d4f62,1403 N 36TH St 98103 US,abbreviation
a73cedb2-e74d-4edc-b841-de6fb53d4f62,1403 N 36th St Seattle,mixed
a73cedb2-e74d-4edc-b841-de6fb53d4f62,1403 North 36TH Strete 98103 US,typo
6fd634c8-1cb5-4a72-a508-c51a0d94320e,915 South CARSTENS Place US,dropped_zip
6fd634c8-1cb5-4a72-a508-c51a0d94320e,915 S Carstens Pl,informal
6fd634c8-1cb5-4a72-a508-c51a0d94320e,915 S CARSTENS Pl 98108 US,abbreviation
2001c9ae-8260-49b9-bb93-db2a69d73a62,9030 B 13TH Ave NW 98117 US,abbreviation
2001c9ae-8260-49b9-bb93-db2a69d73a62,9030 B 13TH Avenue Northwset 98117 US,typo
2001c9ae-8260-49b9-bb93-db2a69d73a62,9030 B 13th Ave NW,informal
e76d4a6a-f791-4d28-b6e3-a7fd434729d1,676 South INDUSTRIAL Way US,dropped_zip
e76d4a6a-f791-4d28-b6e3-a7fd434729d1,676 S Industrial Way,informal
e76d4a6a-f791-4d28-b6e3-a7fd434729d1,676 S INDUSTRIAL Way 98108 US,abbreviation
3df0f683-7d1d-4495-8e1e-a9b5e04c20a6,6TH Avenue Northeast 7009 98115 US,reordered
3df0f683-7d1d-4495-8e1e-a9b5e04c20a6,7009 6TH Ave NE 98115 US,abbreviation
3df0f683-7d1d-4495-8e1e-a9b5e04c20a6,7009 6TH Avenue Northesast 98115 US,typo
4faa0b9a-8775-4150-a33e-4eb0ea76810f,5228 15TH Avenue Northesat 98105 US,typo
4faa0b9a-8775-4150-a33e-4eb0ea76810f,5228 15TH Avenue Northeast US,dropped_zip
4faa0b9a-8775-4150-a33e-4eb0ea76810f,5228 15TH Ave NE 98105 US,abbreviation
16da163a-2dfc-4297-847a-3ba694bf0d65,4001 Aurora Ave N,informal
16da163a-2dfc-4297-847a-3ba694bf0d65,4001 AURORA Ave N 98103 US,abbreviation
16da163a-2dfc-4297-847a-3ba694bf0d65,4001 AURORA Avenue North US,dropped_zip
8a7d354a-f581-4602-aed4-e2b2190f6811,4709 50TH Ave S 98118 US,abbreviation
8a7d354a-f581-4602-aed4-e2b2190f6811,4709 50TH Avenue South US,dropped_zip
8a7d354a-f581-4602-aed4-e2b2190f6811,4709 50th Ave S,informal
13ba828b-9151-4efd-ad38-4fab6dce12b5,4968 13TH Aveneu South 98108 US,typo
13ba828b-9151-4efd-ad38-4fab6dce12b5,4968 13TH Avenue South US,dropped_zip
eac24b35-4788-4895-8426-bb29380d2cbd,5129 S FARRAR St 98118 US,abbreviation
eac24b35-4788-4895-8426-bb29380d2cbd,South FARRAR Street 5129 98118 US,reordered
92d7e0d4-f6b5-43a4-914d-84e23bc52ac0,9675 51st Ave S,informal
92d7e0d4-f6b5-43a4-914d-84e23bc52ac0,9675 51ST Aveneu South 98118 US,typo
afa6947e-bd3d-43d8-8156-127e8b7cca01,2600 ELLIOTT Ave 98121 US,abbreviation
afa6947e-bd3d-43d8-8156-127e8b7cca01,2600 ELLIOTT Avenuue 98121 US,typo
1639e478-20b5-4770-8e98-a2f0ad3d0eb2,817 S SULLIVAN St 98108,mixed
1639e478-20b5-4770-8e98-a2f0ad3d0eb2,817 South SULLIVAN Streett 98108 US,typo
0d5c7773-3600-4381-b858-96c4b02e75f3,3120 100TH Ave NE 98004 US,abbreviation
0d5c7773-3600-4381-b858-96c4b02e75f3,100TH Avenue Northeast 3120 98004 US,reordered
0d5c7773-3600-4381-b858-96c4b02e75f3,3120 100th Ave NE,informal
e462a9bf-ecc8-4ec3-adb5-0f2dcb6765f3,4920 B South WILOW Street 98118 US,typo
e462a9bf-ecc8-4ec3-adb5-0f2dcb6765f3,4920 B S Willow St,informal
c965f8a9-1562-4c72-9aa2-118022d5ec6d,5526 17TH Avenue South US,dropped_zip
c965f8a9-1562-4c72-9aa2-118022d5ec6d,5526 17th Ave S 98108 US,abbreviation
c1a0932b-056f-43cd-8de5-a2be7291498d,1824 NW 89th St,mixed
c1a0932b-056f-43cd-8de5-a2be7291498d,NW 89TH Street 1824 98117 US,reordered
c1a0932b-056f-43cd-8de5-a2be7291498d,1824 Northwest 89TH Street US,dropped_zip
07e285c4-0ca9-426e-80d9-284d59bc2e9f,6032 41st Ave NE,informal
07e285c4-0ca9-426e-80d9-284d59bc2e9f,6032 41ST Aveneu Northeast 98115 US,typo
f22929fb-7a74-49b1-8b11-3578fa9af79e,1503 SHENANDOAH Dr E 98112 US,abbreviation
f22929fb-7a74-49b1-8b11-3578fa9af79e,1503 SHENANDOAH Drive East US,dropped_zip
077a54f7-ee0f-47a9-a8b0-d0fce8409346,5922 A 35th Ave S,informal
077a54f7-ee0f-47a9-a8b0-d0fce8409346,5922 A 35TH Aveneu South 98118 US,typo
41a5c8ff-8343-4ec5-a600-ed4ed85e1563,7925 18TH Ave SW 98106 US,abbreviation
41a5c8ff-8343-4ec5-a600-ed4ed85e1563,7925 18TH Avenue Southwest US,dropped_zip
e6986a3c-40a4-4554-8282-b2ddc50b9160,2300 South JUDKNS Street 98144 US,typo
e6986a3c-40a4-4554-8282-b2ddc50b9160,2300 S JUDKINS St 98144 US,abbreviation
5d10753e-5b35-4ddf-a1d0-aef292a000f1,11441 5TH Avenue South 98168 US,dropped_city
5d10753e-5b35-4ddf-a1d0-aef292a000f1,"11441 5th Ave S, Seattle",mixed
5d10753e-5b35-4ddf-a1d0-aef292a000f1,SEATTLE 11441 5TH Avenue South 98168 US,reordered
3e525f0f-8967-4257-8d9b-f0af73115566,716 B MLK Jr Way 98122 US,abbreviation
3e525f0f-8967-4257-8d9b-f0af73115566,716 B Martin Luther King Jr Way,informal
4ca3fbd0-b60f-4def-a778-610a09410fa6,10528 55TH Avenue Soutth 98178 US,typo
4ca3fbd0-b60f-4def-a778-610a09410fa6,10528 55TH Avenue South US,dropped_zip
ec4fa99a-446e-4f21-a54a-3d647790f54a,7329 FAUNTLEROY Way SW 98136 US,abbreviation
ec4fa99a-446e-4f21-a54a-3d647790f54a,7329 Fauntleroy Way SW,informal
92a29b23-d564-4145-82f1-1972e5e2c7a0,725 18TH Avenue US,dropped_zip
92a29b23-d564-4145-82f1-1972e5e2c7a0,725 18th Ave,informal
741dd85e-723f-469d-8faa-9a807cf1698f,7525 14TH Avenue Northwesst 98117 US,typo
741dd85e-723f-469d-8faa-9a807cf1698f,7525 14TH Ave NW 98117 US,abbreviation
f39b5946-2df6-45b4-81de-5b40ab64fa84,4737 46th Ave NE,informal
f39b5946-2df6-45b4-81de-5b40ab64fa84,4737 46TH Avenue Northeast US,dropped_zip
ac072aef-7bfc-4e01-bd6d-4fa6f0a1d53a,5123 NE 70th St 98115 US,abbreviation
ac072aef-7bfc-4e01-bd6d-4fa6f0a1d53a,NE 70th St 5123 98115 US,reordered
ac072aef-7bfc-4e01-bd6d-4fa6f0a1d53a,5123 Northeast 70TH Streed 98115 US,typo
4b178f2b-959c-4ab2-ad18-676d22023b1c,6523 SYLVAN Way SW,informal
4b178f2b-959c-4ab2-ad18-676d22023b1c,6523 SYLVAN Way Southwest US,dropped_zip
1741692a-23e6-4d80-a720-dc585e73cd63,1467 21st Ave 98122 US,abbreviation
1741692a-23e6-4d80-a720-dc585e73cd63,1467 21ST Avene 98122 US,typo
5379e0b6-8e0c-4a4a-90d5-ebb10cf9ae8f,4115 85th Ave SE 98040 US,abbreviation
5379e0b6-8e0c-4a4a-90d5-ebb10cf9ae8f,4115 85TH Avenue Southeast US,dropped_zip
5379e0b6-8e0c-4a4a-90d5-ebb10cf9ae8f,4115 85TH Aveneu Southeast 98040 US,typo
964097bf-8e73-4694-8920-95551833f7b7,120 N 54th St 98103 US,abbreviation
964097bf-8e73-4694-8920-95551833f7b7,120 N 54th St,informal
964097bf-8e73-4694-8920-95551833f7b7,98103 US 120 North 54TH Street,reordered
f8adf2dd-5b02-4f04-8567-d99819c0dc78,8815 SE 37th St 98040 US,abbreviation
f8adf2dd-5b02-4f04-8567-d99819c0dc78,8815 Southeast 37TH Street 98040 US,dropped_city
f8adf2dd-5b02-4f04-8567-d99819c0dc78,8815 SE 37th St US,mixed
6529e1bf-5b99-4e5e-9393-866a8363c719,2036 FRANKLIN Ave E 98102 US,abbreviation
6529e1bf-5b99-4e5e-9393-866a8363c719,2036 Franklin Ave East,informal
d530b01f-4a2e-4cfe-8db8-0b907729a56,5922 47th Ave SW 98136 US,abbreviation
d530b01f-4a2e-4cfe-8db8-0b907729a56,5922 47TH Avenue Southwesst 98136 US,typo
d530b01f-4a2e-4cfe-8db8-0b907729a56,5922 47TH Avenue Southwest US,dropped_zip
0501b7c7-cf2e-44e8-9b08-69fdd74e0412,2116 North 35TH Street US,dropped_zip
0501b7c7-cf2e-44e8-9b08-69fdd74e0412,2116 N 35th St,informal
0501b7c7-cf2e-44e8-9b08-69fdd74e0412,2116 North 35TH Street 98103 US,dropped_city
603415e5-568e-428c-85d9-945ea8c3ae63,910 S 101st St SEATTLE 98168 US,abbreviation
603415e5-568e-428c-85d9-945ea8c3ae63,910 South 101ST Street 98168 US,dropped_city
603415e5-568e-428c-85d9-945ea8c3ae63,SEATTLE 910 South 101ST Street 98168 US,reordered
4d42fefe-e749-49a0-8630-3e7b1bc2bc2d,8515 SE 78th St 98040 US,abbreviation
4d42fefe-e749-49a0-8630-3e7b1bc2bc2d,8515 Southeast 78TH Strete 98040 US,typo
4d42fefe-e749-49a0-8630-3e7b1bc2bc2d,8515 Southeast 78TH Street US,dropped_zip
4d6f1a51-a78a-4f1b-b97e-e6f3d3a375e4,4504 18TH Avenue Northeast US,dropped_zip
4d6f1a51-a78a-4f1b-b97e-e6f3d3a375e4,4504 18th Ave NE,mixed
4d6f1a51-a78a-4f1b-b97e-e6f3d3a375e4,4504 18TH Avenue Northeast 98105 US,dropped_city
2f2cda67-c887-4bd2-960a-c1fad132275a,2802 22nd Ave W 98199 US,abbreviation
2f2cda67-c887-4bd2-960a-c1fad132275a,2802 22nd Ave W,informal
8b3d4550-d49b-44c4-a485-ab44ebfab159,1628 23rd Ave 98122 US,abbreviation
8b3d4550-d49b-44c4-a485-ab44ebfab159,1628 23RD Aveneu 98122 US,typo
8b3d4550-d49b-44c4-a485-ab44ebfab159,1628 23RD Avenue US,dropped_zip
25574360-72df-4363-9805-3e53711a3b56,9326 SE SHORELAND Dr 98004 US,abbreviation
25574360-72df-4363-9805-3e53711a3b56,9326 Southeast SHORELAND Drive 98004 US,dropped_city
25574360-72df-4363-9805-3e53711a3b56,9326 SE Shoreland Dr,informal
2df65f10-c127-4830-9846-adf3cb9e4fde,3001 SW CYCLE Ct 98126 US,abbreviation
2df65f10-c127-4830-9846-adf3cb9e4fde,3001 Southwest CYCLE Courtt 98126 US,typo
2df65f10-c127-4830-9846-adf3cb9e4fde,98126 US 3001 Southwest CYCLE Court,reordered
9f40ea1a-00fb-4af6-b547-1a00d58a3322,3009 BELVIDERE Ave SW 98126 US,abbreviation
9f40ea1a-00fb-4af6-b547-1a00d58a3322,3009 BELVIDERE Avenue Southwest US,dropped_zip
9f40ea1a-00fb-4af6-b547-1a00d58a3322,3009 Belvidere Ave SW,informal
a8e64146-c4ee-43b5-be3d-5b3f18b59415,1410 QUEEN ANNE Ave N 98109 US,abbreviation
a8e64146-c4ee-43b5-be3d-5b3f18b59415,1410 QUEEN ANNE Avenu North 98109 US,typo
a8e64146-c4ee-43b5-be3d-5b3f18b59415,1410 QUEEN ANNE Avenue North 98109 US,dropped_city
e4a41a69-c220-4d65-831a-3a68879c67be,4324 WHITMAN Ave N 98103 US,abbreviation
e4a41a69-c220-4d65-831a-3a68879c67be,4324 Whitman Ave N,informal
e4a41a69-c220-4d65-831a-3a68879c67be,98103 US 4324 WHITMAN Avenue North,reordered
9bd6c4cd-2447-4051-9be6-3ac283d8fffd,21 W COMSTOCK St 98119 US,abbreviation
9bd6c4cd-2447-4051-9be6-3ac283d8fffd,21 West COMSTOCK Street US,dropped_zip
a92c2c3a-0905-4ca1-bac4-6173a92699cf,520 S FRONT St 98108 US,abbreviation
a92c2c3a-0905-4ca1-bac4-6173a92699cf,520 South FRNT Street 98108 US,typo
a92c2c3a-0905-4ca1-bac4-6173a92699cf,520 South FRONT Street 98108 US,dropped_city
e58b9fc9-d60e-4b9c-a226-af38345b3756,2450 1st Ave S 98134 US,abbreviation
e58b9fc9-d60e-4b9c-a226-af38345b3756,2450 1st Ave S,informal
e58b9fc9-d60e-4b9c-a226-af38345b3756,2450 1ST Avenue South US,dropped_zip
919eaf39-8b42-4e02-bb03-4ded46ebd74e,423 STEWART St 98121 US,abbreviation
919eaf39-8b42-4e02-bb03-4ded46ebd74e,423 STEEWART Street 98121 US,typo
919eaf39-8b42-4e02-bb03-4ded46ebd74e,98121 US 423 STEWART Street,reordered
bf93fc33-b049-4a3a-ade2-738081642bf8,9255 21st Ave SW 98106 US,abbreviation
bf93fc33-b049-4a3a-ade2-738081642bf8,9255 21ST Avenue Southwest 98106 US,dropped_city
bf93fc33-b049-4a3a-ade2-738081642bf8,9255 21st Ave SW,informal
47c97558-1488-4645-9bd6-a177c1f1648f,6200 14th Ave NW 98107 US,abbreviation
47c97558-1488-4645-9bd6-a177c1f1648f,6200 14TH Avenue Northwest US,dropped_zip
47c97558-1488-4645-9bd6-a177c1f1648f,6200 14TH Avenue Northwesst 98107 US,typo
e3629d23-a180-4104-930f-b89ba9d8b62d,2720 S JUDKINS St 98144 US,abbreviation
e3629d23-a180-4104-930f-b89ba9d8b62d,2720 S Judkins St,informal
e3629d23-a180-4104-930f-b89ba9d8b62d,2720 South JUDKINS Street 98144 US,dropped_city
cb41d3ae-5009-4958-9474-7a833b6e2ca2,1400 S LANE St 98144 US,abbreviation
cb41d3ae-5009-4958-9474-7a833b6e2ca2,1400 South LNAE Street 98144 US,typo
cb41d3ae-5009-4958-9474-7a833b6e2ca2,1400 South LANE Street US,dropped_zip
1df6cd5a-f932-4921-9829-2efa6c3b92c1,3603 29th Ave W 98199 US,abbreviation
1df6cd5a-f932-4921-9829-2efa6c3b92c1,3603 29TH Avenue West 98199 US,dropped_city
1df6cd5a-f932-4921-9829-2efa6c3b92c1,3603 29th Ave W,informal
5ea63ed0-5f7b-4d70-a50b-919e06390aba,8008 26th Ave NW Seattle WA 98117 US,abbreviation
5ea63ed0-5f7b-4d70-a50b-919e06390aba,8008 26th Avenue Northwest Seattle WA US,dropped_zip
5ea63ed0-5f7b-4d70-a50b-919e06390aba,8008 26th Ave NW Seattle,informal
9260f0c2-22b6-49e5-8db7-82f84cfd1e63,1628 92nd Aveneu Northeast Bellevue WA 98004 US,typo
9260f0c2-22b6-49e5-8db7-82f84cfd1e63,1628 92nd Avenue Northeast WA 98004 US,dropped_city
9260f0c2-22b6-49e5-8db7-82f84cfd1e63,Bellevue 1628 92nd Ave NE,mixed
98888035-4bbf-4656-99f8-cdf9fb7a1044,2426 3rd Ave W Seattle WA 98119 US,abbreviation
98888035-4bbf-4656-99f8-cdf9fb7a1044,2426 3rd Avenue West Seattle WA US,dropped_zip
d9f90f44-dc0f-4daf-b68f-b629e4c4de69,1021 Evergreen Dr Bellevue,informal
d9f90f44-dc0f-4daf-b68f-b629e4c4de69,1021 Evrgreen Drive Bellevue WA 98004 US,typo
fa9b16d9-74f1-4300-bdc9-11c8a7d3b6f2,2727 Fairview Avenue East WA 98102 US,dropped_city
fa9b16d9-74f1-4300-bdc9-11c8a7d3b6f2,2727 Fairview Ave E Seattle WA 98102 US,abbreviation
2dd01fe9-f1ef-45ea-819b-cedddd946870,Seattle WA 3811 East Crockett Street 98112 US,reordered
2dd01fe9-f1ef-45ea-819b-cedddd946870,3811 E Crockett St Seattle,informal
f1db286c-34f2-4218-ab0d-855edbc4b6cd,2601 Northwest 92nd Street Seattle WA US,dropped_zip
f1db286c-34f2-4218-ab0d-855edbc4b6cd,2601 NW 92nd St Seattle WA 98117 US,abbreviation
f1db286c-34f2-4218-ab0d-855edbc4b6cd,2601 Northwest 92nd Sreet Seattle WA 98117 US,typo
d34ea851-d26f-481a-850f-1ae253a9fa4c,436 7th Averue Kirkland WA 98033 US,typo
d34ea851-d26f-481a-850f-1ae253a9fa4c,436 7th Avenue WA 98033 US,dropped_city
4d5f7bb6-5679-4e56-82ca-87111bfbd8a8,8028 Corliss Ave N Seattle,informal
4d5f7bb6-5679-4e56-82ca-87111bfbd8a8,8028 Corliss Ave N Seattle WA 98103 US,abbreviation
745dc00b-7ed8-43ae-adbb-3aa3cff1c5d5,159 Boston Street Seattle WA US,dropped_zip
745dc00b-7ed8-43ae-adbb-3aa3cff1c5d5,Seattle WA 159 Boston Street 98109 US,reordered
9760d969-c08d-4afc-a2af-6f2e24c9380f,1016 S Sullivan St Seattle WA 98108 US,abbreviation
9760d969-c08d-4afc-a2af-6f2e24c9380f,1016 South Sullivan Sreet Seattle WA 98108 US,typo
72a67eed-4e51-4a6d-b123-fc2efa93bf27,5733 Coniston Rd NE Seattle,informal
72a67eed-4e51-4a6d-b123-fc2efa93bf27,5733 Coniston Road Northeast WA 98105 US,dropped_city
72a67eed-4e51-4a6d-b123-fc2efa93bf27,Seattle 5733 Coniston Rd NE,mixed
4f39a829-b26f-4f87-92f0-0d5f3ce9fad5,2659 South Morgan Street Seattle WA US,dropped_zip
4f39a829-b26f-4f87-92f0-0d5f3ce9fad5,2659 S Morgan St Seattle WA 98108 US,abbreviation
9797c6f7-3a3a-4a12-9ccc-fbcac54ee97b,3130 Elliott Avenie Seattle WA 98121 US,typo
9797c6f7-3a3a-4a12-9ccc-fbcac54ee97b,Seattle WA 3130 Elliott Avenue 98121 US,reordered
95762429-7120-4dd9-9d42-97b45464df96,2001 W Garfield St Seattle,informal
95762429-7120-4dd9-9d42-97b45464df96,2001 W Garfield St Seattle WA 98119 US,abbreviation
cd24b5cb-ea74-4bde-bb83-8f392de650da,938 Martin Luther King Jr Way WA 98122 US,dropped_city
cd24b5cb-ea74-4bde-bb83-8f392de650da,938 MLK Jr Way Seattle WA 98122 US,abbreviation
cd24b5cb-ea74-4bde-bb83-8f392de650da,938 MLK Jr Way Seattle,informal
13af86ab-d68a-4679-b558-5f27828e0ccc,2818 Northwest 69th Street Seattle WA US,dropped_zip
13af86ab-d68a-4679-b558-5f27828e0ccc,2818 Northwest 69th Sreet Seattle WA 98117 US,typo
db6ac133-a16e-462a-8bdf-0ee49e6aef34,8856 2nd Ave S Seattle,informal
db6ac133-a16e-462a-8bdf-0ee49e6aef34,Seattle WA 8856 2nd Avenue South 98108 US,reordered
4f2c5836-e3af-4024-9346-1766b83ab2a5,107 NW 62nd St Seattle WA 98107 US,abbreviation
4f2c5836-e3af-4024-9346-1766b83ab2a5,107 Northwest 62nd Street WA 98107 US,dropped_city
8b68dfe1-a680-4af9-9edd-f7fc9d3d8890,18 Holly Lane Mercer Island WA US,dropped_zip
8b68dfe1-a680-4af9-9edd-f7fc9d3d8890,18 Holly Ln Mercer Island,informal
8b68dfe1-a680-4af9-9edd-f7fc9d3d8890,Mercer Island WA 18 Holly Lane 98040 US,reordered
f21bc908-f886-44a1-b3f3-e42e1aecf400,6401 Northeast Windermere Raod Seattle WA 98105 US,typo
f21bc908-f886-44a1-b3f3-e42e1aecf400,6401 NE Windermere Rd Seattle WA 98105 US,abbreviation
0ade6365-e82b-4af2-8a6a-bbbb29f1a65b,408 North 62nd Street WA 98103 US,dropped_city
0ade6365-e82b-4af2-8a6a-bbbb29f1a65b,Seattle WA 408 N 62nd St,mixed
a769c8af-d409-46ab-bf96-541d92aa5fa6,3670 B Dayton Ave N Seattle,informal
a769c8af-d409-46ab-bf96-541d92aa5fa6,3670 B Dayton Avenue North Seattle WA US,dropped_zip
599a0583-fe15-413b-8a0b-95a498236ddf,4114 47th Ave S Seattle WA 98118 US,abbreviation
599a0583-fe15-413b-8a0b-95a498236ddf,4114 47th Avenue Souht Seattle WA 98118 US,typo
107ade36-92b5-4370-83cc-9310d7566d0f,910 31st Avenue South WA 98144 US,dropped_city
107ade36-92b5-4370-83cc-9310d7566d0f,910 31st Ave S Seattle,informal
29ed542a-c659-4bbc-ae4c-880e9cb4280d,6503 NE 61st St 98115 US,abbreviation
29ed542a-c659-4bbc-ae4c-880e9cb4280d,6503 Northeast 61ST Street US,dropped_zip
29ed542a-c659-4bbc-ae4c-880e9cb4280d,6503 NE 61st St,informal
d5f70df7-3c9f-47f9-b478-ca6a86f11a7c,2615 28th Ave W 98199 US,abbreviation
d5f70df7-3c9f-47f9-b478-ca6a86f11a7c,2615 28TH Aveneu West 98199 US,typo
d5f70df7-3c9f-47f9-b478-ca6a86f11a7c,28th Avenue West 2615 98199 US,reordered
4630dc17-3f8c-422e-9c88-ad3f757f2d79,606 NW 85th St 98117 US,abbreviation
4630dc17-3f8c-422e-9c88-ad3f757f2d79,606 NW 85th St,informal
4630dc17-3f8c-422e-9c88-ad3f757f2d79,606 Northwest 85TH Street US,dropped_zip
4765e907-f75b-4a92-89ef-c40ba2c56674,6348 24th Ave SW 98106 US,abbreviation
4765e907-f75b-4a92-89ef-c40ba2c56674,6348 24TH Avenue Southweat 98106 US,typo
4765e907-f75b-4a92-89ef-c40ba2c56674,6348 24th Ave SW,mixed
dadc9d32-b036-4046-a435-aea7cd2129b2,4718 Interlake Ave N 98103 US,abbreviation
dadc9d32-b036-4046-a435-aea7cd2129b2,4718 INTERLAKE Avenue North US,dropped_zip
dadc9d32-b036-4046-a435-aea7cd2129b2,Interlake Avenue North 4718 98103 US,reordered
45d1f2a6-6caf-4f11-99ff-cf5dce53e787,10765 14TH Avenue Southwest 98146 US,dropped_city
45d1f2a6-6caf-4f11-99ff-cf5dce53e787,10765 14th Ave SW Seattle 98146 US,abbreviation
45d1f2a6-6caf-4f11-99ff-cf5dce53e787,10765 14TH Avenue Southweat Seattle 98146 US,typo
2e42f5b2-6505-4087-81d9-e90073bfd8ee,2010 E Galer St 98112 US,abbreviation
2e42f5b2-6505-4087-81d9-e90073bfd8ee,2010 E Galer St,informal
2e42f5b2-6505-4087-81d9-e90073bfd8ee,2010 East GALER Street US,dropped_zip
b5d58229-162a-4bdb-9f9b-80f930c092e2,3406 97th Ave SE 98040 US,abbreviation
b5d58229-162a-4bdb-9f9b-80f930c092e2,3406 97TH Aveneu Southeast 98040 US,typo
b5d58229-162a-4bdb-9f9b-80f930c092e2,3406 97th Ave SE,mixed
c9451369-f20f-4654-8fed-8e2ad3121ed6,10015 15TH Avenue Southwest SEATTLE US,dropped_zip
c9451369-f20f-4654-8fed-8e2ad3121ed6,10015 15TH Avenue Southwest 98146 US,dropped_city
c9451369-f20f-4654-8fed-8e2ad3121ed6,SEATTLE 10015 15TH Avenue Southwest 98146 US,reordered
e6c17ff5-1369-44f2-9f33-52ac95f70a74,8448 Seward Park Ave S 98118 US,abbreviation
e6c17ff5-1369-44f2-9f33-52ac95f70a74,8448 Seward Park Ave S,informal
e6c17ff5-1369-44f2-9f33-52ac95f70a74,8448 SEWARD PARK Avenuw South 98118 US,typo
d6c4d5c3-63ab-434d-b827-71e347745377,3830 NE 92nd St 98115 US,abbreviation
d6c4d5c3-63ab-434d-b827-71e347745377,3830 Northeast 92ND Street US,dropped_zip
d6c4d5c3-63ab-434d-b827-71e347745377,3830 NE 92nd St,mixed
8dae6508-46c6-4704-8871-8dcb89d8100b,3425 Stone Way N 98103 US,abbreviation
8dae6508-46c6-4704-8871-8dcb89d8100b,3425 STONE Way Nort 98103 US,typo
8dae6508-46c6-4704-8871-8dcb89d8100b,3425 Stone Way N,informal
60d1115c-f6f7-441f-ad72-6d76ad8b1861,208 NW 48th St 98107 US,abbreviation
60d1115c-f6f7-441f-ad72-6d76ad8b1861,208 NW 48th St,informal
60d1115c-f6f7-441f-ad72-6d76ad8b1861,48th Street Northwest 208 98107 US,reordered
dac8c9da-c336-47e6-9418-6e5e31eee888,3015 NE 60th St 98105 US,abbreviation
dac8c9da-c336-47e6-9418-6e5e31eee888,3015 Northeast 60TH Street US,dropped_zip
dac8c9da-c336-47e6-9418-6e5e31eee888,3015 Northeast 60TH Strete 98105 US,typo
17a63877-9670-4065-a9c6-ea536abe6183,4510 California Ave SW 98116 US,abbreviation
17a63877-9670-4065-a9c6-ea536abe6183,4510 California Ave SW,informal
17a63877-9670-4065-a9c6-ea536abe6183,4510 CALIFORNIA Avenue Southwest US,dropped_zip
135e9f52-5c4d-47a9-ae12-2b2c9b5f7461,6512 Jones Ave NW 98117 US,abbreviation
135e9f52-5c4d-47a9-ae12-2b2c9b5f7461,6512 JONES Aveneu Northwest 98117 US,typo
135e9f52-5c4d-47a9-ae12-2b2c9b5f7461,6512 Jones Ave NW,mixed
81eff825-dbc1-49a6-be38-60faabfa4768,4530 38th Ave SW 98126 US,abbreviation
81eff825-dbc1-49a6-be38-60faabfa4768,4530 38TH Avenue Southwest US,dropped_zip
81eff825-dbc1-49a6-be38-60faabfa4768,38th Avenue Southwest 4530 98126 US,reordered
ebf75d31-ebcb-43ca-aa96-0511803ea506,9237 College Way N 98103 US,abbreviation
ebf75d31-ebcb-43ca-aa96-0511803ea506,9237 College Way N,informal
ebf75d31-ebcb-43ca-aa96-0511803ea506,9237 COLLGE Way North 98103 US,typo
1d8ccc0c-0223-4f5a-b49c-788de8bf9fec,9037 46th Ave S 98118 US,abbreviation
1d8ccc0c-0223-4f5a-b49c-788de8bf9fec,9037 46TH Avenue South US,dropped_zip
1d8ccc0c-0223-4f5a-b49c-788de8bf9fec,9037 46th Ave S,mixed
7865080a-00d4-41b9-93ba-65d41959b573,3324 B 35th Ave S 98144 US,abbreviation
7865080a-00d4-41b9-93ba-65d41959b573,3324 B 35TH Aveneu South 98144 US,typo
7865080a-00d4-41b9-93ba-65d41959b573,3324 B 35TH Avenue South US,dropped_zip
81139d0d-06ed-4d67-a943-9d3c619de532,2115 88th Ave NE 98004 US,abbreviation
81139d0d-06ed-4d67-a943-9d3c619de532,88th Avenue Northeast 2115 98004 US,reordered
81139d0d-06ed-4d67-a943-9d3c619de532,2115 88th Ave NE,informal
db1797dc-3e03-40b3-9237-c0bf754e6a4e,6711 30th Ave S 98108 US,abbreviation
db1797dc-3e03-40b3-9237-c0bf754e6a4e,6711 30TH Aveneu South 98108 US,typo
db1797dc-3e03-40b3-9237-c0bf754e6a4e,6711 30TH Avenue South US,dropped_zip
fdb251e1-e0b7-47d6-97d7-fc353cd96936,8516 29th Ave NW 98117 US,abbreviation
fdb251e1-e0b7-47d6-97d7-fc353cd96936,8516 29TH Avenue Northwest US,dropped_zip
fdb251e1-e0b7-47d6-97d7-fc353cd96936,29th Avenue Northwest 8516 98117 US,reordered
efedbb24-83b6-4fd6-bb53-4cc6c8da82c5,5973 A Rainier Ave S 98118 US,abbreviation
efedbb24-83b6-4fd6-bb53-4cc6c8da82c5,5973 A RAINIER Avenuw South 98118 US,typo
efedbb24-83b6-4fd6-bb53-4cc6c8da82c5,5973 A Rainier Ave S,informal
78b36dc1-5def-4269-9fd4-13b6a5f6a2a8,2103 NW 95th St 98117 US,abbreviation
78b36dc1-5def-4269-9fd4-13b6a5f6a2a8,2103 Northwest 95TH Street US,dropped_zip
78b36dc1-5def-4269-9fd4-13b6a5f6a2a8,2103 NW 95th St,informal
5231996e-aba1-44ef-a10e-c6b42a8cb779,1502 Queen Anne Ave N 98109 US,abbreviation
5231996e-aba1-44ef-a10e-c6b42a8cb779,1502 QUEEN ANNE Avenue North US,dropped_zip
5231996e-aba1-44ef-a10e-c6b42a8cb779,1502 Queen Anne,informal
18d5208f-c547-484b-b04e-91145961da32,10023 Northeats 29TH Place 98004 US,typo
18d5208f-c547-484b-b04e-91145961da32,10023 Northeast 29TH Place 98004 US,dropped_city
18d5208f-c547-484b-b04e-91145961da32,98004 Bellevue 10023 Northeast 29TH Place US,reordered
84779cf0-f328-493f-b87a-3d9ee74737b7,151 N 78th St 98103 US,abbreviation
84779cf0-f328-493f-b87a-3d9ee74737b7,151 N 78th St Seattle,mixed
84779cf0-f328-493f-b87a-3d9ee74737b7,151 North 78TH Street US,dropped_zip
88d72094-9223-429f-b81a-1e579b0d3d1e,4456 42ND Avenuw Southwest 98116 US,typo
88d72094-9223-429f-b81a-1e579b0d3d1e,4456 42nd,informal
88d72094-9223-429f-b81a-1e579b0d3d1e,4456 42ND Avenue Southwest 98116 US,dropped_city
449bf0b0-5076-4edb-bd7a-f67291646ee5,6411 S Bangor St 98178 US,abbreviation
449bf0b0-5076-4edb-bd7a-f67291646ee5,Seattle 98178 6411 South BANGOR Street US,reordered
449bf0b0-5076-4edb-bd7a-f67291646ee5,6411 South BANGOR Street US,dropped_zip
5348419e-96e2-46ee-bd31-464454a6bb34,5304 WALLINGFORd Avenue North 98103 US,typo
5348419e-96e2-46ee-bd31-464454a6bb34,5304 Wallingford Ave N Seattle,mixed
5348419e-96e2-46ee-bd31-464454a6bb34,5304 WALLINGFORD Avenue North 98103 US,dropped_city
7e7cc954-522c-4273-98fc-1f30110738b6,8346 Wolcott Ave S 98118 US,abbreviation
7e7cc954-522c-4273-98fc-1f30110738b6,8346 Wolcott,informal
7e7cc954-522c-4273-98fc-1f30110738b6,8346 WOLCOTT Avenue South US,dropped_zip
a35b42e9-aa47-4862-92b9-4e9d45c6935b,4120 BURKE Avennue North 98103 US,typo
a35b42e9-aa47-4862-92b9-4e9d45c6935b,Seattle 98103 4120 BURKE Avenue North US,reordered
a35b42e9-aa47-4862-92b9-4e9d45c6935b,4120 BURKE Avenue North 98103 US,dropped_city
59e500e9-b6a1-4dd7-b3ea-7cd3e4aa2447,5311 NE 86th St 98115 US,abbreviation
59e500e9-b6a1-4dd7-b3ea-7cd3e4aa2447,5311 86th,informal
59e500e9-b6a1-4dd7-b3ea-7cd3e4aa2447,5311 Northeast 86TH Street US,dropped_zip
bb015811-9e45-4e17-9579-d1ed378b26b0,9851 BELFAIR Lnae 98004 US,typo
bb015811-9e45-4e17-9579-d1ed378b26b0,9851 Belfair Ln Bellevue,mixed
bb015811-9e45-4e17-9579-d1ed378b26b0,9851 BELFAIR Lane 98004 US,dropped_city
00bac031-c7bc-4ed5-9757-4f3ae8ea8a0b,6008 Corliss Ave N 98103 US,abbreviation
00bac031-c7bc-4ed5-9757-4f3ae8ea8a0b,6008 Corliss,informal
00bac031-c7bc-4ed5-9757-4f3ae8ea8a0b,6008 CORLISS Avenue North US,dropped_zip
946d2342-6b57-471b-b62f-bf3a1105c227,435 UPLAND Raod 98039 US,typo
946d2342-6b57-471b-b62f-bf3a1105c227,98039 Bellevue 435 UPLAND Road US,reordered
946d2342-6b57-471b-b62f-bf3a1105c227,435 UPLAND Road 98039 US,dropped_city
897fc700-c40f-46b9-b4ba-b1667449cc73,7047 21st Ave NE 98115 US,abbreviation
897fc700-c40f-46b9-b4ba-b1667449cc73,7047 21st,informal
897fc700-c40f-46b9-b4ba-b1667449cc73,7047 21ST Avenue Northeast US,dropped_zip
7c0f16f2-cae8-4b05-b7e3-ce9b95b9874c,11510 28TH Avenu Southwest 98146 US,typo
7c0f16f2-cae8-4b05-b7e3-ce9b95b9874c,11510 28th Ave SW Seattle,mixed
7c0f16f2-cae8-4b05-b7e3-ce9b95b9874c,11510 28TH Avenue Southwest 98146 US,dropped_city
ee049c74-c76a-4f04-9ecc-56685317ac10,3201 1st Ave S 98134 US,abbreviation
ee049c74-c76a-4f04-9ecc-56685317ac10,3201 1st,informal
ee049c74-c76a-4f04-9ecc-56685317ac10,3201 1ST Avenue South US,dropped_zip
7df53bc1-6785-4242-aaea-1bc88b4a60a0,10242 36TH Avneue Southwest 98146 US,typo
7df53bc1-6785-4242-aaea-1bc88b4a60a0,Seattle 98146 10242 36TH Avenue Southwest US,reordered
7df53bc1-6785-4242-aaea-1bc88b4a60a0,10242 36TH Avenue Southwest 98146 US,dropped_city
e2319dcd-5456-4cb1-976c-2d9eefb11e4c,627 E Mercer St 98102 US,abbreviation
e2319dcd-5456-4cb1-976c-2d9eefb11e4c,627 Mercer,informal
e2319dcd-5456-4cb1-976c-2d9eefb11e4c,627 East MERCER Street US,dropped_zip
fd487849-7eb8-495d-ba89-5c0730d6df02,10811 26TH Avenue Sout 98168 US,typo
fd487849-7eb8-495d-ba89-5c0730d6df02,10811 26th Ave S Seattle,mixed
fd487849-7eb8-495d-ba89-5c0730d6df02,10811 26TH Avenue South 98168 US,dropped_city
1fa8f44d-2ce7-460a-b643-45308143a8bb,8303 Seward Park Ave S 98118 US,abbreviation
1fa8f44d-2ce7-460a-b643-45308143a8bb,8303 Seward Park,informal
1fa8f44d-2ce7-460a-b643-45308143a8bb,8303 SEWARD PARK Avenue South US,dropped_zip
6bcd4587-c6c3-48e3-9190-b55f6187a8c7,8638 26TH Avenuw Southwest 98106 US,typo
6bcd4587-c6c3-48e3-9190-b55f6187a8c7,Seattle 98106 8638 26TH Avenue Southwest US,reordered
6bcd4587-c6c3-48e3-9190-b55f6187a8c7,8638 26TH Avenue Southwest 98106 US,dropped_city
688bf080-4a47-4ba3-9000-6214fce51f2b,3102 13th Ave S 98144 US,abbreviation
688bf080-4a47-4ba3-9000-6214fce51f2b,3102 13th,informal
688bf080-4a47-4ba3-9000-6214fce51f2b,3102 13TH Avenue South US,dropped_zip
b199f9ca-5953-4561-b0ce-afc58b104326,6808 36TH Aveneu Northeast 98115 US,typo
b199f9ca-5953-4561-b0ce-afc58b104326,6808 NE 36th Ave Seattle,mixed
b199f9ca-5953-4561-b0ce-afc58b104326,6808 36TH Avenue Northeast 98115 US,dropped_city
c7cb275d-e7d9-4407-8fec-4e94f0ec7a8d,8432 S 112th St SEATTLE 98178 US,abbreviation
c7cb275d-e7d9-4407-8fec-4e94f0ec7a8d,8432 112th,informal
c7cb275d-e7d9-4407-8fec-4e94f0ec7a8d,Seattle 98178 8432 South 112TH Street US,reordered
af435fa6-ded0-4ad2-bbcc-3d11a80e6693,8409 SEWARD PARK Avenue South US,dropped_zip
af435fa6-ded0-4ad2-bbcc-3d11a80e6693,8409 SEWARD PARK Aveneu South 98118 US,typo
af435fa6-ded0-4ad2-bbcc-3d11a80e6693,8409 Seward Park Ave S Seattle,mixed
5812aa1a-4f20-410f-b87b-38b4585e985e,2027 Bellevue Sq 98004 US,abbreviation
5812aa1a-4f20-410f-b87b-38b4585e985e,98004 Bellevue 2027 BELLEVUE Square US,reordered
5812aa1a-4f20-410f-b87b-38b4585e985e,2027 BELLEVUE Square 98004 US,dropped_city
